Date,Centre ID,Time,Current Queue,Active Counters,Farmers Arrived,Farmers Processed,Average Processing Time,Crop,Quantity,Booked Farmers,Actual Waiting Time
2025-02-02,4,11:00,77,3,81,38,7.3,Cotton,14.4,92,89.0
2025-10-10,3,11:00,7,1,28,34,11.6,Maize,5.7,69,45.1
2025-08-27,5,11:00,66,5,95,5,20.2,Cotton,25.8,125,91.2
2025-06-10,4,12:00,46,3,48,8,22.5,Mustard,29.3,103,77.0
2025-06-08,1,14:00,68,5,85,44,14.5,Mustard,24.4,92,66.0
2025-11-10,2,10:00,40,4,51,42,8.4,Rice,7.8,60,47.7
2025-02-01,2,11:00,14,5,15,41,20.6,Rice,27.1,66,42.0
2025-09-12,3,16:00,67,3,103,11,22.0,Cotton,9.5,68,79.2
2025-03-15,2,09:00,56,1,76,38,14.0,Wheat,26.8,114,82.6
2025-02-04,5,12:00,41,1,74,4,11.1,Wheat,20.3,80,74.8
2025-07-12,2,14:00,33,3,59,10,7.7,Rice,13.5,74,51.2
2025-12-23,3,10:00,30,3,69,37,17.0,Cotton,3.8,58,53.8
2025-09-26,1,09:00,43,5,87,46,22.5,Cotton,29.1,106,70.5
2025-10-05,5,10:00,23,3,50,49,18.5,Mustard,32.9,71,60.0
2025-09-19,5,16:00,25,6,40,73,12.4,Mustard,23.6,28,22.9
2025-10-14,4,08:00,25,2,44,64,17.9,Wheat,33.8,59,44.9
2025-07-07,2,10:00,1,3,38,28,21.1,Rice,32.8,56,49.5
2025-02-16,1,08:00,83,5,102,58,15.1,Wheat,7.6,87,66.4
2025-11-03,4,09:00,21,1,44,7,20.9,Cotton,25.9,68,73.0
2025-06-14,3,13:00,14,2,22,64,13.7,Cotton,12.9,29,37.6
2025-07-02,5,11:00,13,5,57,28,12.9,Rice,17.6,45,39.4
2025-05-16,4,13:00,88,4,117,57,16.9,Rice,6.3,145,83.6
2025-03-08,3,13:00,42,5,56,72,14.9,Rice,34.1,74,53.6
2025-12-05,5,15:00,29,4,55,52,23.6,Maize,25.7,31,44.0
2025-10-13,5,08:00,36,6,54,69,15.8,Mustard,10.1,37,31.3
2025-08-24,3,15:00,7,6,13,0,13.5,Cotton,13.6,54,25.7
2025-05-27,1,13:00,28,6,67,12,13.7,Mustard,15.4,88,37.5
2025-10-28,1,10:00,22,1,61,46,16.3,Cotton,26.4,40,55.6
2025-07-19,3,14:00,72,4,109,40,13.0,Mustard,32.5,132,82.8
2025-06-11,3,15:00,5,1,21,9,19.3,Rice,11.9,34,45.0
2025-06-14,1,11:00,38,2,49,53,13.5,Maize,17.1,41,52.6
2025-03-24,1,16:00,71,2,73,4,13.5,Cotton,21.2,105,77.8
2025-02-03,4,12:00,75,4,107,74,17.5,Cotton,14.4,138,89.4
2025-07-22,4,13:00,46,3,60,11,8.0,Maize,18.1,62,53.0
2025-11-21,1,17:00,20,6,60,33,18.1,Rice,4.6,82,38.2
2025-01-24,3,11:00,30,2,69,61,15.6,Wheat,6.7,72,57.6
2025-11-10,1,15:00,20,4,25,38,14.7,Mustard,14.6,45,27.1
2025-10-30,4,11:00,59,5,100,55,19.2,Rice,32.1,104,80.3
2025-04-12,5,15:00,26,6,32,52,19.9,Mustard,12.9,52,40.7
2025-08-19,5,13:00,56,2,78,71,21.4,Rice,9.5,61,68.4
2025-03-02,3,10:00,59,5,80,34,13.4,Rice,26.3,115,74.9
2025-10-04,4,12:00,84,1,127,73,12.6,Rice,33.3,108,100.4
2025-09-13,5,11:00,33,4,62,38,19.1,Rice,16.6,69,65.4
2025-05-10,4,09:00,86,3,125,66,16.9,Cotton,1.3,134,103.6
2025-01-25,3,08:00,36,6,62,54,17.7,Mustard,24.4,41,43.6
2025-12-21,4,11:00,61,5,98,9,16.4,Mustard,15.1,107,78.7
2025-06-12,3,08:00,59,6,97,48,20.1,Wheat,23.9,82,57.4
2025-11-22,5,10:00,73,6,111,65,10.2,Mustard,10.4,108,74.7
2025-09-05,3,14:00,42,3,60,9,16.4,Wheat,1.1,71,56.9
2025-10-12,5,14:00,71,5,88,62,9.7,Rice,12.7,121,71.6
2025-10-05,1,14:00,31,1,75,7,13.9,Mustard,25.0,43,52.4
2025-03-13,1,11:00,44,4,78,65,18.3,Wheat,14.4,50,46.6
2025-05-13,1,15:00,44,1,85,59,15.4,Rice,8.5,70,59.6
2025-06-20,3,13:00,63,5,88,11,13.5,Rice,16.8,70,63.0
2025-07-01,4,10:00,55,6,96,54,22.0,Maize,26.6,70,64.1
2025-01-16,2,10:00,7,5,39,8,20.1,Maize,5.1,49,34.9
2025-07-19,1,14:00,72,6,105,42,15.9,Wheat,24.5,125,73.9
2025-02-26,5,10:00,68,2,76,69,23.2,Cotton,23.7,113,91.9
2025-09-29,4,12:00,9,6,34,15,14.2,Cotton,13.6,29,28.6
2025-09-07,4,17:00,86,4,118,13,20.4,Rice,34.0,138,108.6
2025-12-03,3,08:00,59,5,93,31,9.9,Mustard,31.4,85,58.7
2025-09-29,3,08:00,7,5,50,27,11.9,Cotton,11.7,18,21.3
2025-05-14,1,17:00,44,4,58,3,12.7,Rice,2.1,93,55.4
2025-12-20,1,13:00,75,2,88,34,8.8,Wheat,11.5,108,73.6
2025-05-30,5,10:00,25,4,68,19,15.5,Rice,8.0,49,53.3
2025-04-29,2,15:00,83,4,127,9,10.3,Rice,19.6,125,87.8
2025-11-27,4,15:00,37,6,45,20,17.8,Rice,32.2,84,56.6
2025-05-16,4,13:00,20,3,37,1,10.2,Rice,30.6,34,43.8
2025-01-28,2,13:00,32,4,74,68,9.1,Wheat,11.4,39,24.5
2025-06-21,2,11:00,47,4,55,74,23.5,Maize,15.6,80,68.0
2025-10-18,4,09:00,61,1,96,27,18.2,Wheat,2.2,64,82.9
2025-03-11,1,13:00,83,1,88,65,22.9,Cotton,19.5,124,90.5
2025-06-18,3,11:00,17,1,25,34,15.3,Cotton,3.2,45,48.3
2025-02-17,5,13:00,86,4,121,68,7.6,Cotton,32.9,99,80.7
2025-09-08,4,15:00,47,3,74,12,16.8,Maize,30.5,85,67.5
2025-06-23,4,08:00,11,6,35,21,16.5,Wheat,8.3,35,22.1
2025-05-01,1,13:00,83,5,121,55,7.3,Rice,24.8,108,71.9
2025-03-24,1,10:00,31,1,44,16,21.6,Wheat,20.3,45,60.4
2025-07-26,2,15:00,55,1,77,61,17.5,Mustard,28.2,98,72.3
2025-09-02,2,11:00,62,3,89,31,19.7,Cotton,17.2,120,84.4
2025-12-10,1,13:00,1,6,34,30,15.4,Maize,7.5,41,12.8
2025-06-09,5,13:00,19,1,33,33,17.5,Rice,22.8,34,49.1
2025-02-28,1,12:00,61,2,89,59,11.4,Rice,3.7,115,71.4
2025-10-31,4,14:00,29,1,49,0,23.6,Maize,20.9,36,61.4
2025-08-18,3,14:00,0,3,24,56,13.8,Cotton,8.2,18,16.5
2025-09-13,4,13:00,2,6,40,58,9.8,Cotton,24.3,4,15.9
2025-02-05,2,14:00,74,5,91,61,8.0,Mustard,29.2,129,61.9
2025-04-25,2,17:00,13,3,43,74,17.8,Mustard,4.7,15,22.2
2025-10-08,4,12:00,9,1,51,58,23.7,Rice,14.6,44,53.2
2025-10-31,2,12:00,50,3,84,39,22.2,Cotton,25.9,62,69.3
2025-06-08,4,08:00,10,4,54,34,18.9,Rice,6.6,23,34.0
2025-10-21,1,15:00,58,2,84,29,23.8,Maize,20.3,97,79.9
2025-11-04,1,12:00,48,5,60,62,19.3,Wheat,23.8,100,59.9
2025-05-22,4,12:00,58,6,102,29,12.8,Mustard,13.1,59,58.7
2025-11-24,4,09:00,44,2,73,42,17.2,Rice,29.3,54,65.1
2025-04-16,1,15:00,70,2,80,7,8.4,Cotton,18.4,88,65.6
2025-03-29,5,12:00,58,1,72,23,10.8,Cotton,22.3,119,90.3
2025-09-07,1,14:00,37,5,48,19,14.1,Maize,5.8,40,34.1
2025-08-21,5,10:00,1,3,38,32,10.4,Cotton,1.8,12,28.6
2025-02-21,4,16:00,24,2,28,37,23.2,Rice,2.7,50,44.3
2025-10-31,5,10:00,11,2,44,53,23.9,Rice,31.7,32,54.6
2025-03-14,5,10:00,1,1,25,32,13.3,Maize,31.0,4,39.3
2025-10-21,2,15:00,24,3,27,11,19.1,Mustard,28.5,59,51.0
2025-01-03,4,16:00,18,5,45,40,13.9,Wheat,7.8,57,24.0
2025-10-18,2,10:00,6,2,39,4,9.4,Maize,18.9,17,32.6
2025-10-15,3,12:00,28,1,60,63,12.7,Cotton,28.1,72,56.4
2025-10-12,2,14:00,45,3,68,57,11.0,Wheat,23.9,48,46.5
2025-08-31,3,15:00,16,5,31,16,12.6,Cotton,4.9,63,30.6
2025-06-22,5,11:00,24,3,31,19,10.7,Cotton,31.4,40,58.2
2025-09-15,3,12:00,1,2,1,2,8.9,Cotton,6.5,15,29.5
2025-04-12,1,14:00,4,1,20,27,10.7,Maize,6.8,16,22.3
2025-10-12,2,14:00,14,5,42,2,22.4,Mustard,31.6,70,50.2
2025-07-22,4,14:00,40,6,41,70,8.4,Mustard,17.5,72,33.7
2025-06-17,3,13:00,59,5,103,10,12.5,Cotton,13.7,103,67.8
2025-07-04,3,09:00,70,4,96,49,16.0,Wheat,19.8,83,72.7
2025-07-27,3,16:00,56,5,69,42,13.0,Wheat,34.4,59,49.4
2025-01-14,2,15:00,55,3,98,17,15.8,Maize,5.1,57,56.7
2025-02-21,3,15:00,84,1,92,60,7.7,Rice,26.7,112,91.1
2025-03-31,4,09:00,23,3,66,8,18.0,Mustard,12.4,44,57.1
2025-02-11,5,10:00,71,5,83,66,16.6,Rice,5.0,120,82.9
2025-06-10,4,14:00,84,4,101,55,18.6,Rice,15.3,135,87.2
2025-09-01,5,08:00,51,6,70,47,16.6,Mustard,19.7,71,55.7
2025-08-27,5,17:00,75,6,119,65,14.4,Maize,8.0,103,63.2
2025-06-21,1,11:00,12,2,23,30,13.0,Mustard,14.8,36,34.5
2025-11-09,2,14:00,79,1,122,21,10.8,Wheat,22.6,122,88.7
2025-07-26,2,15:00,50,2,65,11,15.5,Rice,20.6,90,77.8
2025-01-29,1,12:00,19,6,31,69,7.4,Wheat,25.6,61,28.0
2025-10-07,1,11:00,5,5,33,30,12.6,Maize,29.4,8,17.6
2025-07-29,4,13:00,64,1,95,62,18.5,Rice,14.9,85,77.7
2025-08-20,2,13:00,38,1,53,24,8.8,Rice,15.4,100,54.4
2025-07-26,1,12:00,27,4,33,71,8.1,Wheat,17.9,49,33.2
2025-07-22,2,13:00,35,4,52,65,18.1,Mustard,20.3,46,40.0
2025-02-03,2,16:00,89,6,113,23,13.8,Maize,4.7,101,74.2
2025-07-24,1,12:00,38,5,39,36,20.6,Mustard,11.6,39,49.0
2025-10-18,1,10:00,7,2,10,59,22.9,Cotton,6.8,57,44.4
2025-04-21,4,11:00,25,1,66,16,23.3,Wheat,14.1,25,63.0
2025-08-09,5,12:00,13,4,14,1,14.2,Wheat,34.1,51,45.7
2025-01-12,3,10:00,61,4,79,21,11.5,Cotton,20.8,86,77.0
2025-05-07,4,10:00,72,6,106,44,17.3,Wheat,15.6,78,70.9
2025-06-09,5,14:00,75,4,89,10,17.7,Mustard,20.2,132,90.2
2025-12-25,5,11:00,56,4,78,25,17.6,Rice,23.7,104,84.0
2025-03-20,1,16:00,69,2,72,68,12.5,Wheat,15.8,122,68.8
2025-04-11,5,11:00,37,1,72,5,8.1,Mustard,16.2,97,74.9
2025-05-30,1,09:00,56,6,84,3,10.6,Maize,24.8,115,59.8
2025-12-29,1,14:00,9,5,47,31,9.6,Wheat,3.1,54,13.2
2025-11-08,3,15:00,48,1,86,0,9.1,Maize,19.4,82,67.1
2025-01-13,4,11:00,50,5,65,2,22.7,Mustard,19.6,95,72.1
2025-03-27,1,10:00,2,3,3,13,7.2,Cotton,26.7,31,24.5
2025-10-27,2,10:00,49,3,64,7,17.2,Wheat,34.4,60,66.2
2025-01-22,2,12:00,65,6,71,60,23.1,Maize,28.1,90,73.2
2025-11-09,2,12:00,33,6,56,9,13.1,Wheat,18.1,63,47.7
2025-04-13,5,11:00,49,2,55,39,16.0,Maize,6.8,52,71.7
2025-12-01,2,09:00,25,2,66,52,18.8,Cotton,21.0,80,61.0
2025-04-18,2,12:00,24,5,51,46,12.4,Rice,29.4,83,45.1
2025-06-08,1,16:00,11,6,22,49,15.1,Wheat,32.7,38,18.8
2025-08-30,1,13:00,29,1,70,26,20.9,Cotton,29.1,61,63.4
2025-02-16,1,12:00,72,6,106,66,19.7,Wheat,7.4,126,80.6
2025-07-23,3,09:00,84,3,103,5,20.7,Cotton,25.2,113,103.3
2025-07-04,3,11:00,57,4,63,8,23.8,Cotton,30.9,101,80.2
2025-10-14,3,11:00,56,1,71,64,13.3,Rice,24.2,89,72.2
2025-12-30,5,14:00,55,5,81,5,19.7,Rice,24.3,72,68.9
2025-08-31,3,15:00,42,5,76,14,17.2,Rice,18.0,93,55.5
2025-05-30,1,16:00,38,4,49,12,18.3,Rice,22.7,50,54.4
2025-05-29,2,17:00,55,5,88,2,19.6,Wheat,11.0,69,61.0
2025-06-02,2,17:00,70,6,82,8,19.7,Rice,4.0,114,71.4
2025-10-25,5,16:00,37,6,48,42,22.1,Cotton,29.1,83,54.2
2025-04-28,2,09:00,50,5,70,49,12.9,Rice,33.1,112,69.5
2025-03-02,1,10:00,42,6,49,6,18.1,Cotton,30.1,88,59.5
2025-05-03,4,11:00,25,5,43,70,11.8,Maize,12.4,26,30.4
2025-01-09,3,13:00,26,5,42,7,17.1,Cotton,4.2,81,42.7
2025-02-08,1,09:00,7,4,19,51,19.8,Mustard,10.5,33,32.6
2025-02-02,4,15:00,39,5,73,60,20.4,Rice,29.7,39,53.3
2025-10-09,2,13:00,64,1,78,39,14.1,Maize,23.3,101,77.2
2025-09-21,5,13:00,61,4,92,36,15.6,Rice,33.9,72,76.9
2025-09-12,5,10:00,88,3,120,8,12.7,Mustard,12.7,115,100.8
2025-06-18,2,11:00,3,6,32,18,9.9,Mustard,19.8,33,23.5
2025-09-19,3,10:00,68,1,80,63,11.4,Cotton,27.9,72,76.7
2025-02-28,3,15:00,71,4,108,26,22.5,Mustard,9.0,126,79.1
2025-11-25,4,13:00,39,2,49,2,12.3,Cotton,33.8,72,59.7
2025-07-02,1,14:00,25,6,37,54,23.6,Maize,21.1,87,34.9
2025-12-09,2,11:00,32,6,71,51,11.1,Rice,1.3,62,38.2
2025-02-25,1,11:00,61,2,76,4,19.3,Maize,1.9,99,77.9
2025-07-01,4,12:00,77,6,108,3,16.8,Wheat,31.0,129,89.1
2025-09-12,1,14:00,57,3,58,8,18.8,Maize,22.9,70,64.4
2025-06-30,3,14:00,46,6,73,3,17.9,Wheat,26.9,105,64.2
2025-06-12,4,10:00,58,5,97,46,19.0,Maize,27.7,69,64.0
2025-03-02,5,16:00,6,1,37,9,22.4,Rice,15.3,70,55.2
2025-05-20,2,10:00,54,2,80,45,16.6,Maize,28.2,95,72.3
2025-03-29,1,15:00,3,3,41,13,8.2,Wheat,32.9,36,26.1
2025-04-21,4,09:00,86,2,99,72,11.6,Mustard,6.9,99,86.8
2025-09-07,1,11:00,80,1,96,54,19.0,Maize,27.0,116,95.3
2025-08-19,1,15:00,45,6,48,28,15.4,Wheat,11.5,80,43.7
2025-08-10,5,10:00,33,6,64,32,16.3,Rice,11.9,96,65.4
2025-05-13,5,12:00,65,3,97,4,17.1,Wheat,15.0,119,91.6
2025-12-17,4,12:00,57,2,90,4,13.5,Rice,30.4,88,83.4
2025-02-01,5,11:00,63,2,96,40,20.2,Rice,1.7,88,92.7
2025-05-06,1,14:00,46,6,51,1,19.3,Cotton,15.8,71,50.0
2025-02-13,1,15:00,21,2,50,47,19.1,Rice,24.1,45,42.3
2025-05-04,2,15:00,6,1,40,28,19.2,Wheat,4.8,6,30.6
2025-12-18,1,11:00,25,3,34,10,22.1,Wheat,27.9,27,51.5
2025-05-14,5,13:00,47,3,68,40,17.1,Maize,33.0,95,66.9
2025-11-28,1,11:00,38,4,79,41,23.4,Maize,4.1,54,57.8
2025-06-30,3,11:00,45,3,63,55,9.0,Rice,6.2,71,61.0
2025-09-13,5,10:00,24,6,57,14,17.7,Wheat,34.1,69,56.1
2025-06-16,4,16:00,84,4,107,41,19.2,Wheat,7.7,123,84.2
2025-04-08,2,15:00,33,6,62,63,15.1,Maize,3.7,56,32.1
2025-10-06,3,14:00,76,3,104,20,11.9,Cotton,33.4,124,87.0
2025-12-20,3,12:00,35,4,64,62,16.4,Cotton,31.3,45,62.7
2025-04-07,4,12:00,39,3,74,54,13.2,Rice,23.3,69,63.1
2025-10-12,3,12:00,54,5,94,32,22.5,Cotton,19.7,60,75.4
2025-04-06,2,13:00,23,5,36,66,13.1,Wheat,32.3,57,30.7
2025-09-19,4,12:00,19,2,60,72,10.0,Cotton,23.3,25,40.6
2025-10-15,5,10:00,34,6,62,17,16.8,Mustard,23.4,95,60.0
2025-06-14,3,10:00,72,6,98,73,13.7,Rice,29.7,114,79.5
2025-09-26,1,16:00,13,6,27,0,8.6,Cotton,23.2,28,18.7
2025-04-10,3,12:00,39,2,57,9,16.6,Cotton,18.1,78,74.0
2025-01-29,5,16:00,60,5,89,3,16.1,Mustard,14.3,82,69.1
2025-02-05,5,10:00,63,1,79,27,9.9,Wheat,18.1,96,81.6
2025-06-13,3,13:00,39,1,51,70,17.2,Wheat,18.8,49,49.3
2025-11-26,1,10:00,7,6,43,45,16.6,Maize,13.3,39,18.8
2025-02-16,3,11:00,1,1,19,46,20.2,Rice,16.2,7,47.0
2025-06-16,5,08:00,42,6,71,6,13.1,Rice,28.3,51,49.0
2025-09-14,5,09:00,72,3,73,38,11.2,Cotton,15.2,109,91.1
2025-03-15,1,16:00,2,2,5,28,23.2,Rice,1.9,34,35.3
2025-09-21,2,11:00,79,1,117,35,16.5,Rice,10.6,98,100.3
2025-04-22,3,13:00,60,5,66,19,7.5,Cotton,8.9,63,50.6
2025-10-23,1,12:00,0,5,35,15,21.0,Mustard,28.0,27,28.0
2025-07-31,5,12:00,30,3,70,71,10.3,Cotton,16.3,90,53.9
2025-07-19,1,13:00,19,5,40,41,20.4,Wheat,10.5,65,39.7
2025-03-06,4,10:00,85,2,124,30,19.0,Mustard,28.6,88,101.2
2025-06-19,5,17:00,49,4,68,5,23.5,Mustard,1.7,109,77.2
2025-11-09,4,15:00,29,2,71,57,23.4,Cotton,6.9,56,62.5
2025-01-08,4,14:00,25,4,35,35,11.7,Wheat,29.1,62,36.4
2025-10-04,2,12:00,50,1,69,29,20.0,Wheat,19.7,50,75.1
2025-06-29,5,10:00,0,3,17,50,12.4,Cotton,27.3,20,34.3
2025-09-20,3,16:00,23,4,58,9,17.7,Cotton,29.5,74,49.6
2025-08-31,1,11:00,14,4,15,39,17.2,Maize,33.0,35,35.6
2025-06-07,2,09:00,55,3,92,64,7.9,Rice,3.2,65,63.6
2025-04-23,2,11:00,60,4,61,34,7.1,Maize,28.2,65,56.0
2025-08-17,3,15:00,42,4,56,0,8.0,Rice,25.1,102,59.4
2025-02-21,2,13:00,12,2,38,17,9.2,Cotton,8.0,64,34.7
2025-08-02,3,14:00,33,2,39,4,11.4,Wheat,32.7,35,54.7
2025-02-04,3,15:00,75,4,97,37,22.4,Maize,14.7,135,79.5
2025-08-26,2,10:00,18,6,62,27,15.8,Rice,31.2,71,46.2
2025-08-18,4,16:00,14,5,51,9,20.5,Maize,21.6,37,34.8
2025-01-31,2,12:00,10,4,11,51,21.3,Rice,18.9,52,38.2
2025-10-04,4,13:00,73,6,99,13,19.5,Cotton,6.4,89,75.9
2025-06-01,2,08:00,10,6,36,25,13.7,Mustard,32.1,26,23.8
2025-10-15,5,17:00,52,4,55,74,21.7,Wheat,19.9,98,65.3
2025-01-16,2,11:00,89,1,118,4,19.6,Wheat,1.2,102,103.8
2025-03-07,1,09:00,57,4,80,18,19.6,Cotton,1.6,80,74.1
2025-06-30,1,12:00,37,4,67,23,22.3,Wheat,27.4,60,62.2
2025-03-10,5,10:00,18,2,31,38,17.2,Rice,6.5,27,51.9
2025-05-01,5,10:00,0,6,11,18,16.0,Mustard,21.4,53,30.1
2025-08-30,2,13:00,14,6,47,72,22.1,Rice,24.2,57,34.7
2025-02-22,4,12:00,85,2,117,0,14.7,Wheat,10.5,141,110.6
2025-09-05,3,16:00,12,3,19,71,20.8,Cotton,20.4,46,31.5
2025-02-07,1,11:00,1,2,10,40,7.9,Cotton,9.2,12,16.2
2025-03-05,3,14:00,73,2,99,2,7.0,Cotton,33.2,91,73.0
2025-08-03,4,12:00,37,2,74,8,16.0,Maize,30.2,59,70.6
2025-10-17,5,13:00,32,3,41,7,8.3,Wheat,10.8,93,51.2
2025-03-04,5,13:00,64,2,73,21,23.6,Mustard,19.0,79,79.2
2025-04-20,1,12:00,47,1,83,24,7.1,Rice,18.0,92,75.8
2025-12-04,2,16:00,82,3,113,48,19.2,Maize,33.6,89,81.5
2025-12-28,3,11:00,42,4,82,23,11.1,Mustard,14.4,104,71.0
2025-08-01,1,10:00,64,2,99,54,23.4,Wheat,20.1,106,86.1
2025-06-13,3,14:00,79,4,121,22,13.5,Cotton,32.6,106,79.8
2025-05-07,1,15:00,41,2,49,19,7.5,Wheat,6.5,63,44.6
2025-08-12,1,09:00,25,5,37,20,7.5,Rice,19.7,48,37.7
2025-08-04,1,12:00,87,4,97,24,16.4,Cotton,4.6,101,85.7
2025-04-18,2,15:00,20,6,22,62,23.8,Mustard,22.0,58,26.8
2025-01-09,4,14:00,3,1,38,18,23.7,Cotton,13.4,59,50.0
2025-02-25,1,17:00,52,6,81,20,12.7,Mustard,33.9,67,45.1
2025-12-16,5,13:00,88,3,91,71,15.2,Maize,15.1,136,91.0
2025-06-02,2,13:00,7,1,15,49,8.7,Mustard,5.6,43,23.2
2025-06-26,1,11:00,76,5,84,14,15.9,Wheat,29.4,126,88.2
2025-06-20,2,16:00,74,2,92,65,17.2,Wheat,28.9,124,74.3
2025-10-13,4,11:00,83,2,103,13,11.3,Cotton,24.6,85,94.6
2025-01-24,1,14:00,37,6,50,12,17.4,Wheat,26.5,38,40.0
2025-01-31,1,12:00,22,2,63,33,22.3,Rice,10.0,81,59.1
2025-04-11,5,13:00,46,4,55,51,7.0,Wheat,22.8,56,42.8
2025-06-27,3,14:00,12,2,37,14,10.9,Rice,2.3,49,35.2
2025-09-02,2,12:00,75,1,94,56,10.6,Mustard,7.7,123,84.7
2025-06-29,4,16:00,59,1,76,11,9.1,Wheat,32.7,91,76.9
2025-06-11,5,12:00,43,1,80,58,9.8,Mustard,26.1,43,58.7
2025-12-09,2,13:00,46,3,90,7,17.6,Maize,8.8,46,54.4
2025-02-28,3,11:00,64,3,64,34,8.7,Wheat,4.8,107,72.3
2025-07-28,1,12:00,47,1,67,48,19.6,Wheat,33.3,105,75.7
2025-07-17,2,12:00,75,3,80,19,22.1,Rice,4.8,97,87.9
2025-06-22,3,10:00,83,2,102,45,22.8,Maize,9.7,118,105.5
2025-10-22,1,09:00,85,4,112,51,18.2,Mustard,7.2,145,94.8
2025-04-08,5,13:00,55,6,73,48,10.4,Cotton,1.3,108,52.6
2025-12-15,5,13:00,66,5,79,29,8.5,Wheat,11.7,101,58.4
2025-05-02,2,13:00,27,6,41,57,10.9,Cotton,34.1,69,27.7
2025-07-18,2,08:00,3,2,16,54,23.4,Wheat,12.6,65,36.2
2025-07-10,1,11:00,36,2,50,24,23.4,Cotton,18.1,87,71.3
2025-11-07,3,10:00,78,5,94,55,13.5,Wheat,26.4,105,79.7
2025-06-10,1,14:00,12,2,42,68,12.5,Maize,19.7,57,26.6
2025-04-14,2,15:00,49,6,53,61,15.7,Rice,26.3,70,43.2
2025-01-08,3,11:00,17,3,18,54,12.0,Wheat,23.5,76,44.4
2025-05-13,4,13:00,38,2,61,57,23.7,Rice,21.7,44,58.1
2025-10-29,3,10:00,12,6,42,60,10.8,Wheat,23.1,26,21.3
2025-01-04,2,11:00,66,4,77,21,13.3,Wheat,28.2,88,71.0
2025-11-24,4,10:00,72,5,81,54,14.3,Mustard,25.1,85,72.0
2025-07-18,4,11:00,68,3,96,14,9.1,Rice,27.9,106,89.4
2025-02-21,4,14:00,63,1,80,26,13.5,Rice,6.0,109,79.2
2025-04-21,3,16:00,21,5,54,70,21.6,Maize,24.0,78,41.1
2025-07-22,5,10:00,47,1,53,21,9.4,Wheat,26.1,79,64.4
2025-04-26,2,13:00,9,4,14,63,16.9,Rice,11.2,49,26.5
2025-02-09,5,14:00,33,3,57,31,13.9,Wheat,30.7,71,54.8
2025-09-01,2,16:00,45,5,62,15,9.9,Mustard,11.4,45,45.0
2025-09-03,2,13:00,60,6,92,7,7.2,Rice,9.3,106,54.5
2025-02-13,3,11:00,8,3,30,41,11.6,Wheat,30.5,9,30.3
2025-04-13,3,13:00,73,6,88,33,8.1,Wheat,9.4,108,65.9
2025-03-31,4,11:00,41,1,48,38,13.4,Maize,15.1,105,68.9
2025-08-29,2,17:00,79,1,86,3,20.8,Wheat,13.5,130,94.4
2025-09-24,5,12:00,47,6,81,20,19.2,Cotton,31.5,79,70.2
2025-09-23,2,14:00,49,4,59,0,23.1,Maize,16.5,69,56.6
2025-12-09,3,08:00,62,3,84,22,14.3,Mustard,24.6,116,73.8
2025-10-08,5,12:00,73,1,109,69,19.0,Rice,28.0,128,107.7
2025-04-28,3,15:00,14,2,54,11,18.3,Cotton,22.3,37,46.2
2025-02-09,4,13:00,46,5,58,51,10.7,Maize,33.1,52,44.8
2025-08-13,5,12:00,2,5,6,0,12.2,Wheat,28.3,39,31.6
2025-12-01,5,16:00,42,6,76,42,16.0,Maize,14.6,83,51.0
2025-12-22,3,15:00,73,3,103,69,20.5,Maize,33.3,133,86.5
2025-03-26,3,11:00,77,3,91,25,14.9,Wheat,18.8,134,90.4
2025-03-28,1,13:00,25,1,51,14,10.9,Wheat,1.8,39,42.1
2025-01-14,3,12:00,34,1,42,42,23.9,Cotton,9.8,50,70.3
2025-02-21,5,13:00,49,3,80,20,9.0,Wheat,22.1,113,67.6
2025-07-22,3,11:00,35,4,67,66,23.3,Cotton,6.3,56,54.0
2025-07-19,2,11:00,16,1,29,63,20.8,Wheat,20.9,45,47.1
2025-05-16,1,16:00,27,3,48,48,21.3,Cotton,13.3,46,41.2
2025-04-24,2,16:00,36,4,51,47,20.5,Rice,19.2,61,49.4
2025-10-30,2,15:00,46,5,47,45,10.5,Wheat,1.1,82,34.6
2025-06-17,5,17:00,82,6,87,55,17.8,Wheat,29.8,101,75.9
2025-10-23,3,14:00,49,3,92,34,19.9,Wheat,13.3,75,66.5
2025-12-18,1,14:00,34,3,54,72,19.7,Mustard,5.8,56,43.0
2025-04-26,1,14:00,59,6,65,25,11.6,Wheat,15.9,66,45.7
2025-03-15,5,12:00,69,5,70,0,10.1,Maize,17.5,120,80.6
2025-12-14,5,12:00,38,2,53,52,12.6,Cotton,22.7,95,72.3
2025-08-20,4,11:00,44,5,88,49,15.2,Rice,18.8,75,61.7
2025-04-17,1,13:00,19,1,36,73,16.8,Maize,2.5,32,31.5
2025-08-15,1,11:00,77,3,121,29,21.2,Cotton,30.6,118,99.1
2025-07-07,1,11:00,78,2,100,31,20.1,Cotton,16.5,112,98.6
2025-11-27,4,13:00,15,6,49,42,18.5,Wheat,3.6,50,23.8
2025-04-04,4,12:00,31,1,66,29,11.5,Cotton,27.3,69,65.8
2025-12-28,5,10:00,24,6,25,58,15.1,Mustard,23.4,70,44.0
2025-12-08,1,15:00,83,2,83,32,12.7,Maize,23.1,85,74.6
2025-03-07,1,15:00,5,1,46,58,11.0,Mustard,15.5,11,23.0
2025-03-02,5,10:00,18,4,59,31,7.2,Cotton,15.0,24,43.0
2025-07-14,5,08:00,28,5,33,16,12.8,Rice,19.2,38,43.4
2025-01-17,4,11:00,50,1,79,74,11.4,Wheat,2.7,113,73.1
2025-04-20,1,15:00,22,1,63,39,16.7,Wheat,11.2,69,48.1
2025-06-08,1,15:00,48,1,90,53,8.1,Maize,34.6,91,60.1
2025-12-20,1,10:00,67,3,80,44,11.6,Cotton,23.5,112,75.1
2025-12-29,4,14:00,74,1,110,26,7.8,Rice,15.2,76,83.4
2025-02-25,5,09:00,8,5,37,72,17.9,Cotton,8.6,21,29.2
2025-11-22,4,12:00,12,1,53,27,16.7,Wheat,26.3,63,60.0
2025-02-03,2,17:00,8,5,14,74,12.7,Wheat,9.8,38,12.5
2025-10-01,4,10:00,81,6,108,32,9.5,Mustard,6.5,114,74.8
2025-11-05,1,10:00,58,5,59,1,23.3,Cotton,6.3,106,74.1
2025-11-22,5,12:00,47,6,63,2,16.9,Maize,25.8,51,67.4
2025-03-23,5,13:00,71,6,71,73,18.5,Cotton,22.9,122,76.1
2025-11-23,4,16:00,52,1,71,39,16.0,Rice,3.4,96,74.5
2025-02-12,5,17:00,21,3,57,29,20.7,Maize,4.9,47,44.8
2025-07-09,3,09:00,45,5,74,60,22.2,Mustard,22.6,77,65.9
2025-06-21,3,10:00,63,3,77,46,13.5,Maize,20.4,67,74.5
2025-04-26,2,15:00,3,5,22,49,18.7,Wheat,24.3,16,13.2
2025-01-09,5,11:00,54,5,70,51,10.9,Wheat,7.1,70,62.0
2025-10-09,4,15:00,44,6,76,14,18.1,Wheat,25.7,101,61.1
2025-05-03,1,13:00,6,2,17,6,13.8,Maize,32.8,13,27.5
2025-08-30,5,09:00,23,3,27,54,7.1,Wheat,21.4,41,37.5
2025-05-30,1,15:00,40,1,62,1,23.2,Maize,7.7,48,63.1
2025-05-17,3,10:00,30,2,67,53,21.8,Cotton,24.1,48,65.9
2025-11-20,1,12:00,26,2,47,9,11.9,Wheat,12.7,26,38.5
2025-02-04,4,13:00,58,3,67,19,24.0,Maize,2.7,75,70.0
2025-09-26,3,12:00,36,3,38,53,12.4,Wheat,11.3,83,62.0
2025-09-30,3,14:00,44,6,86,46,14.8,Wheat,31.8,93,49.9
2025-05-19,4,13:00,71,5,105,58,21.5,Mustard,15.0,95,71.2
2025-04-06,4,17:00,8,5,14,45,12.2,Rice,30.4,53,26.3
2025-01-02,2,17:00,32,1,35,3,14.7,Rice,18.3,72,63.2
2025-12-08,5,12:00,6,3,11,62,18.3,Wheat,18.6,64,43.6
2025-12-12,3,09:00,83,5,99,16,9.2,Cotton,1.2,135,90.7
2025-03-29,1,14:00,16,2,52,10,14.2,Wheat,22.7,30,38.0
2025-01-12,1,17:00,73,3,80,65,12.3,Rice,4.7,111,75.6
2025-02-14,2,11:00,17,5,53,14,18.5,Mustard,17.3,68,43.3
2025-01-25,4,12:00,29,5,29,40,9.3,Mustard,9.9,48,41.4
2025-10-31,3,12:00,54,6,87,36,11.0,Cotton,14.3,91,62.1
2025-11-22,2,09:00,74,3,86,57,19.1,Rice,19.3,100,93.3
2025-02-25,3,14:00,16,3,59,3,9.7,Cotton,1.5,36,34.7
2025-09-30,5,11:00,19,3,40,8,14.2,Cotton,10.7,31,46.8
2025-03-07,3,14:00,79,5,91,31,19.1,Rice,34.6,81,78.0
2025-05-15,1,15:00,28,3,38,35,20.0,Rice,3.0,76,42.5
2025-08-07,1,15:00,18,3,55,59,8.6,Mustard,11.9,71,22.2
2025-09-20,3,12:00,66,2,84,45,21.5,Mustard,11.9,108,94.1
2025-11-16,3,11:00,8,3,23,11,19.3,Wheat,13.9,23,40.2
2025-01-17,5,14:00,78,2,111,73,12.8,Mustard,24.3,79,76.9
2025-03-13,3,15:00,78,4,102,34,20.0,Wheat,9.4,119,84.2
2025-04-13,4,12:00,77,6,106,72,19.4,Mustard,16.6,89,84.0
2025-04-24,3,15:00,26,5,46,74,17.2,Maize,22.9,61,34.6
2025-12-31,2,10:00,10,3,12,3,16.5,Mustard,12.0,73,51.3
2025-10-11,4,15:00,38,6,38,37,19.5,Cotton,33.3,38,47.8
2025-04-27,4,09:00,30,6,31,31,24.0,Rice,34.3,67,61.6
2025-12-21,4,10:00,86,3,111,37,16.8,Maize,5.1,150,104.9
2025-07-02,1,13:00,56,5,79,23,20.7,Maize,12.7,77,53.4
2025-07-02,4,09:00,84,3,117,41,19.7,Maize,8.1,136,103.4
2025-06-08,2,09:00,67,6,107,36,21.5,Cotton,7.4,120,76.2
2025-02-22,4,08:00,64,3,71,13,23.2,Cotton,17.7,95,83.6
2025-12-08,4,12:00,10,2,53,21,10.3,Mustard,20.2,29,41.3
2025-01-06,4,14:00,6,1,47,11,9.8,Maize,15.5,50,34.1
2025-03-05,5,08:00,4,6,31,63,17.0,Maize,10.3,44,16.9
2025-03-25,3,13:00,53,2,76,50,14.6,Mustard,10.5,83,68.1
2025-04-12,1,15:00,18,5,25,29,16.7,Wheat,34.7,30,31.0
2025-02-18,4,10:00,89,1,97,29,20.6,Wheat,32.4,137,111.0
2025-01-07,4,10:00,11,4,11,5,22.8,Rice,3.6,24,42.7
2025-09-05,1,15:00,85,3,114,21,14.1,Wheat,23.3,93,75.3
2025-12-20,1,15:00,60,3,79,69,19.2,Rice,16.5,64,66.0
2025-02-14,2,13:00,9,2,17,2,10.3,Wheat,24.4,38,28.4
2025-04-19,5,15:00,5,1,11,10,16.1,Maize,21.3,12,31.4
2025-07-04,3,09:00,35,3,37,63,7.4,Wheat,31.2,56,44.4
2025-12-05,5,12:00,30,3,58,39,15.6,Cotton,3.3,45,55.8
2025-09-11,5,14:00,28,5,58,2,16.3,Rice,12.9,57,51.4
2025-10-07,3,11:00,47,3,75,36,19.5,Wheat,34.5,97,74.0
2025-08-01,4,14:00,11,2,15,56,18.0,Cotton,7.2,40,33.8
2025-06-02,2,12:00,11,2,12,25,13.1,Maize,5.3,47,42.6
2025-03-14,1,14:00,62,4,66,28,7.1,Cotton,25.8,71,53.6
2025-11-12,2,12:00,89,3,122,47,9.0,Maize,27.4,96,87.2
2025-10-21,3,11:00,24,6,57,44,23.5,Mustard,23.9,87,51.4
2025-01-10,1,10:00,83,3,96,67,22.7,Cotton,27.4,123,97.5
2025-09-19,2,10:00,31,4,33,18,12.5,Wheat,24.6,32,37.1
2025-01-31,1,14:00,30,1,44,20,11.4,Maize,5.6,66,43.0
2025-09-27,4,09:00,8,2,44,11,14.4,Cotton,21.7,8,41.5
2025-10-29,5,09:00,38,6,44,49,18.7,Rice,27.4,43,50.8
2025-02-17,5,10:00,44,3,79,40,13.1,Rice,30.4,68,72.8
2025-06-08,2,10:00,59,3,79,26,8.1,Cotton,9.4,101,71.9
2025-02-15,3,15:00,14,4,20,52,13.8,Wheat,5.3,54,29.9
2025-07-27,5,12:00,16,1,58,28,11.4,Maize,27.6,67,63.4
2025-12-05,3,17:00,38,4,61,14,12.5,Rice,9.7,49,46.6
2025-01-30,2,10:00,6,3,36,40,9.8,Wheat,2.1,18,25.8
2025-05-26,2,13:00,12,1,16,32,18.2,Rice,29.1,46,44.4
2025-12-22,4,12:00,56,3,72,30,16.0,Maize,18.2,112,78.9
2025-04-20,3,12:00,85,3,113,33,11.6,Rice,12.1,131,101.8
2025-02-18,5,15:00,51,2,80,68,16.4,Mustard,1.4,94,71.4
2025-06-28,5,17:00,13,4,15,16,15.4,Maize,2.2,19,27.6
2025-07-05,1,15:00,89,5,116,20,20.5,Wheat,27.9,146,90.6
2025-08-30,4,10:00,46,2,88,42,23.3,Cotton,17.7,109,85.4
2025-04-25,2,10:00,64,6,99,3,9.2,Rice,6.1,101,72.4
2025-12-15,3,13:00,17,4,26,10,22.0,Cotton,13.2,38,43.2
2025-07-10,2,11:00,52,5,93,42,19.0,Wheat,6.6,95,63.4
2025-04-15,2,14:00,6,1,36,38,18.8,Wheat,4.8,47,28.2
2025-12-17,2,13:00,56,5,58,48,13.4,Cotton,10.4,116,55.9
2025-12-04,1,13:00,18,3,23,8,12.8,Maize,19.7,25,29.1
2025-07-02,4,15:00,81,5,122,64,7.1,Maize,8.1,114,67.5
2025-01-10,1,14:00,4,5,13,36,23.7,Cotton,12.7,50,26.7
2025-08-06,2,08:00,58,2,62,11,17.3,Mustard,17.2,80,67.8
2025-07-22,1,09:00,12,2,32,23,13.8,Wheat,15.3,66,45.4
2025-02-24,1,13:00,61,1,84,17,16.2,Rice,5.4,65,71.7
2025-08-20,2,12:00,44,4,69,33,7.7,Cotton,2.3,50,50.1
2025-11-03,5,11:00,87,5,116,35,10.0,Rice,2.2,138,93.9
2025-02-08,5,12:00,58,3,102,32,17.6,Mustard,12.9,66,82.0
2025-09-22,2,14:00,33,1,67,34,15.7,Wheat,25.4,60,54.1
2025-02-21,3,15:00,7,2,8,68,20.4,Mustard,5.5,25,24.1
2025-10-01,5,13:00,53,3,56,71,18.2,Rice,27.8,97,70.2
2025-06-02,2,12:00,39,6,39,36,17.2,Wheat,25.3,39,45.0
2025-01-03,5,11:00,4,1,21,72,20.9,Wheat,1.1,27,43.0
2025-12-19,1,12:00,52,3,67,61,8.2,Mustard,1.9,116,62.0
2025-03-02,2,11:00,18,4,60,61,18.7,Rice,7.6,41,41.2
2025-08-06,2,13:00,21,2,37,16,19.2,Wheat,2.9,59,41.2
2025-03-08,1,14:00,0,6,1,32,11.7,Mustard,19.1,64,13.8
2025-12-07,5,09:00,33,6,72,26,10.3,Wheat,2.3,72,49.8
2025-09-27,5,08:00,19,3,30,7,10.6,Wheat,28.3,68,45.4
2025-10-21,2,10:00,6,5,47,5,10.4,Wheat,17.8,68,29.5
2025-06-07,5,15:00,39,5,73,46,15.9,Mustard,25.8,79,52.0
2025-06-20,4,13:00,19,5,58,31,9.3,Maize,26.5,73,27.2
2025-08-20,5,10:00,12,2,48,61,18.2,Rice,18.2,45,41.3
2025-10-14,5,15:00,42,1,48,50,8.8,Rice,32.5,94,63.7
2025-11-06,3,12:00,5,3,33,6,7.5,Rice,34.7,46,45.9
2025-01-07,1,12:00,89,1,107,62,12.4,Rice,13.2,111,99.9
2025-08-31,5,16:00,42,2,70,37,10.3,Cotton,5.3,78,58.4
2025-02-09,4,09:00,89,4,122,42,23.8,Rice,13.4,110,106.9
2025-04-16,5,10:00,79,4,101,72,12.2,Cotton,8.6,104,78.3
2025-10-30,5,13:00,88,2,102,48,10.8,Maize,19.1,106,81.9
2025-04-02,1,10:00,48,1,89,1,10.3,Maize,13.9,79,65.7
2025-10-18,3,14:00,38,2,67,13,13.4,Mustard,17.3,60,57.1
2025-06-18,1,10:00,64,3,103,31,17.3,Cotton,26.9,104,82.5
2025-03-26,1,09:00,7,5,17,2,20.3,Maize,10.3,31,31.1
2025-05-02,5,10:00,75,3,112,12,13.2,Cotton,19.3,106,96.5
2025-07-13,5,12:00,29,2,43,59,17.6,Rice,12.4,38,58.2
2025-10-07,5,10:00,0,4,20,10,15.2,Wheat,27.7,25,33.5
2025-08-10,5,10:00,21,1,59,12,21.4,Wheat,22.7,44,63.7
2025-12-07,4,15:00,21,2,36,37,16.7,Maize,1.3,83,45.6
2025-11-13,3,11:00,1,1,12,6,11.9,Mustard,23.4,30,34.2
2025-10-02,5,11:00,60,4,101,19,19.0,Rice,6.8,61,80.7
2025-08-09,3,09:00,8,3,51,70,20.9,Rice,25.6,28,43.2
2025-04-16,4,11:00,76,4,89,47,14.9,Rice,20.3,123,84.0
2025-05-31,2,11:00,40,4,53,72,23.8,Maize,14.7,50,55.4
2025-02-13,4,13:00,64,3,74,26,21.9,Cotton,24.6,74,73.3
2025-05-17,5,10:00,30,6,31,46,10.3,Maize,30.1,54,47.2
2025-12-05,4,15:00,11,6,35,17,20.4,Rice,27.5,34,31.1
2025-06-05,3,16:00,16,1,27,28,17.2,Mustard,19.5,47,45.6
2025-02-11,1,09:00,58,6,96,13,16.1,Wheat,25.6,60,63.4
2025-08-26,1,09:00,64,2,71,62,15.7,Maize,15.1,110,72.5
2025-12-18,4,09:00,24,2,52,13,21.5,Mustard,27.8,37,60.9
2025-11-13,4,13:00,32,4,54,15,17.4,Mustard,29.2,78,55.8
2025-04-11,4,10:00,85,1,112,34,16.1,Mustard,5.7,121,103.7
2025-06-15,5,15:00,76,3,81,32,7.8,Rice,9.1,89,78.3
2025-07-13,3,14:00,37,2,57,23,14.6,Maize,10.2,67,51.3
2025-04-01,5,15:00,21,3,49,26,22.4,Mustard,6.6,23,45.4
2025-04-09,4,12:00,27,5,42,22,19.1,Cotton,14.3,72,53.3
2025-03-28,2,17:00,48,6,87,68,7.9,Wheat,7.6,67,35.0
2025-12-30,5,09:00,51,2,74,43,22.0,Rice,21.2,75,85.3
2025-09-30,1,12:00,16,4,32,68,21.1,Maize,4.5,26,32.2
2025-11-03,3,11:00,5,3,6,74,16.3,Wheat,10.2,28,27.0
2025-10-26,5,16:00,44,3,51,48,7.4,Wheat,23.6,69,53.3
2025-12-17,4,13:00,71,4,92,61,16.6,Maize,14.6,85,69.7
2025-02-08,5,15:00,13,6,31,8,7.9,Rice,15.3,76,39.3
2025-11-18,1,10:00,36,3,75,71,12.4,Rice,28.1,54,50.5
2025-01-25,3,17:00,14,1,49,36,17.7,Mustard,34.5,25,45.2
2025-06-23,4,12:00,21,6,28,53,22.5,Wheat,20.2,56,44.4
2025-08-05,4,12:00,55,6,81,18,13.1,Wheat,3.7,75,58.3
2025-05-11,5,17:00,25,2,45,7,21.6,Wheat,4.5,54,53.0
2025-02-23,3,12:00,23,4,27,66,22.6,Wheat,33.9,70,54.2
2025-03-12,4,12:00,89,6,118,33,7.4,Wheat,24.1,94,77.7
2025-10-29,3,13:00,15,4,39,10,11.1,Cotton,26.6,48,30.4
2025-04-27,5,10:00,17,3,20,49,19.1,Rice,24.0,18,50.1
2025-04-24,1,11:00,83,6,104,4,19.9,Wheat,7.1,85,83.6
2025-12-04,2,10:00,49,5,81,33,13.7,Wheat,16.2,55,48.2
2025-02-22,1,09:00,3,4,17,52,18.2,Mustard,28.1,13,30.3
2025-12-01,4,15:00,38,1,54,54,17.4,Maize,30.5,60,49.7
2025-12-03,2,13:00,50,3,54,33,19.6,Rice,9.1,110,66.7
2025-08-07,2,11:00,22,5,31,27,19.2,Wheat,21.3,80,52.2
2025-03-02,5,12:00,49,2,93,62,8.5,Rice,6.3,55,66.0
2025-02-26,2,12:00,58,4,85,13,9.7,Mustard,33.6,122,75.9
2025-04-14,1,13:00,22,4,29,5,9.3,Wheat,9.6,63,32.0
2025-07-30,1,16:00,73,1,94,11,22.9,Maize,25.7,108,84.7
2025-02-26,2,16:00,40,4,48,60,22.5,Cotton,8.9,91,54.4
2025-06-16,5,12:00,86,5,105,35,20.6,Rice,21.9,117,99.9
2025-02-12,3,11:00,7,2,13,2,9.0,Maize,23.4,24,39.5
2025-07-17,5,12:00,29,4,56,12,16.8,Rice,12.2,63,56.5
2025-01-08,2,13:00,64,5,89,2,10.2,Wheat,28.8,111,64.2
2025-09-16,2,12:00,80,1,108,61,13.3,Maize,31.1,124,90.7
2025-01-21,1,13:00,19,4,38,34,11.5,Maize,30.1,30,20.8
2025-03-13,2,13:00,88,2,100,5,21.1,Rice,12.2,148,108.3
2025-03-05,3,11:00,17,3,28,16,9.5,Mustard,26.3,35,39.4
2025-10-31,5,11:00,37,4,46,46,18.0,Wheat,20.0,90,60.4
2025-01-20,2,11:00,28,1,47,44,23.7,Cotton,21.1,48,61.1
2025-06-06,4,09:00,38,1,58,61,18.7,Cotton,17.2,42,62.4
2025-08-04,4,10:00,81,3,111,1,8.3,Cotton,21.4,145,98.5
2025-07-08,2,14:00,65,6,67,5,22.4,Mustard,5.6,103,64.3
2025-09-06,5,12:00,71,1,83,2,17.9,Cotton,14.9,84,99.6
2025-10-21,3,10:00,22,5,60,29,14.8,Mustard,7.0,22,35.1
2025-05-24,1,13:00,85,1,126,54,18.2,Maize,10.5,93,85.2
2025-10-30,5,14:00,39,3,80,49,21.9,Wheat,5.3,50,55.4
2025-04-27,5,11:00,58,3,71,15,15.1,Mustard,8.2,118,87.4
2025-12-26,1,15:00,62,3,68,49,16.0,Mustard,27.6,73,59.4
2025-07-04,5,16:00,59,1,67,49,14.7,Mustard,19.7,69,69.9
2025-09-26,5,13:00,54,5,59,14,8.2,Wheat,1.8,108,63.1
2025-11-16,5,13:00,43,2,85,56,20.4,Rice,27.8,100,83.4
2025-10-17,2,09:00,58,5,97,31,9.1,Maize,31.9,71,56.7
2025-11-07,4,16:00,81,4,117,4,13.7,Wheat,30.9,123,84.9
2025-07-15,3,12:00,35,4,67,29,13.6,Cotton,29.0,69,54.6
2025-01-16,4,16:00,45,2,60,57,11.8,Cotton,34.7,82,63.5
2025-06-29,4,13:00,16,4,37,52,13.8,Mustard,20.9,36,30.8
2025-03-08,4,08:00,31,6,68,20,17.5,Wheat,33.7,79,50.8
2025-11-21,3,08:00,69,6,105,56,12.3,Wheat,33.3,126,72.1
2025-03-28,4,14:00,57,6,80,29,9.9,Rice,11.7,104,58.8
2025-03-25,3,13:00,19,2,56,34,21.8,Wheat,30.4,77,54.7
2025-04-02,1,08:00,49,4,64,6,23.5,Wheat,27.9,56,59.9
2025-08-23,1,14:00,73,3,91,74,14.8,Wheat,27.4,115,71.4
2025-07-28,5,15:00,11,6,48,62,12.6,Wheat,31.5,75,30.6
2025-12-13,5,12:00,5,6,21,14,7.8,Maize,14.1,39,24.0
2025-06-01,3,12:00,35,6,68,42,7.6,Cotton,14.6,96,54.9
2025-04-14,1,08:00,59,1,79,58,13.7,Wheat,22.8,81,61.5
2025-01-18,4,14:00,28,2,41,37,22.8,Cotton,26.1,86,63.6
2025-01-03,1,11:00,73,5,82,15,19.4,Wheat,30.9,134,82.7
2025-05-17,2,15:00,76,5,103,72,12.9,Mustard,30.8,116,68.9
2025-12-04,2,11:00,47,3,68,20,23.5,Wheat,25.5,92,73.9
2025-07-11,1,13:00,34,1,50,25,14.3,Wheat,33.5,67,44.9
2025-11-23,5,11:00,3,1,36,27,11.7,Wheat,7.1,23,40.1
2025-02-07,3,10:00,73,5,73,66,14.2,Mustard,33.3,107,73.7
2025-02-04,2,14:00,80,3,84,37,10.6,Mustard,3.2,142,81.5
2025-11-01,3,12:00,39,3,82,53,22.1,Rice,19.9,39,67.2
2025-02-08,1,13:00,46,5,75,67,13.1,Cotton,4.1,59,40.0
2025-01-19,3,16:00,67,1,91,69,18.2,Cotton,20.3,99,81.7
2025-05-28,3,16:00,62,5,62,64,13.6,Cotton,14.3,84,55.1
2025-12-04,2,15:00,12,2,38,68,22.3,Mustard,3.8,52,40.6
2025-09-09,5,10:00,60,6,79,71,17.9,Mustard,23.0,83,64.3
2025-02-06,2,13:00,83,6,109,74,15.3,Mustard,25.9,125,70.0
2025-11-02,1,15:00,67,4,68,48,9.2,Rice,6.9,73,54.2
2025-11-04,3,11:00,43,2,67,9,22.3,Mustard,24.6,64,70.4
2025-10-20,5,09:00,47,2,73,8,16.3,Wheat,7.1,92,78.2
2025-11-26,2,15:00,23,2,36,59,11.8,Maize,5.7,53,32.9
2025-03-29,1,12:00,59,6,61,23,21.9,Rice,6.0,105,78.1
2025-12-24,5,13:00,21,2,64,60,7.9,Cotton,21.4,62,45.2
2025-04-28,3,17:00,30,3,61,70,12.3,Maize,27.5,51,44.8
2025-10-20,1,13:00,23,3,50,48,16.1,Mustard,21.3,50,36.0
2025-07-31,4,12:00,30,5,64,57,12.8,Maize,28.5,92,50.0
2025-10-12,2,11:00,33,6,63,20,15.1,Mustard,21.1,95,51.9
2025-08-18,5,12:00,7,4,13,32,11.5,Wheat,28.1,9,29.6
2025-08-23,2,09:00,64,5,84,72,9.2,Wheat,34.2,109,67.3
2025-08-13,3,15:00,39,4,78,61,7.6,Wheat,14.3,70,41.0
2025-10-12,3,15:00,85,3,97,15,9.7,Maize,6.1,85,74.4
2025-09-27,2,11:00,16,1,59,70,23.2,Mustard,5.6,57,56.6
2025-02-19,3,11:00,60,2,62,37,16.8,Rice,21.3,61,76.8
2025-10-29,1,15:00,16,3,30,63,15.3,Mustard,19.6,36,26.5
2025-07-15,4,08:00,49,1,64,39,13.5,Rice,7.3,93,67.0
2025-04-28,4,12:00,44,2,71,45,19.0,Maize,31.0,96,78.9
2025-07-07,5,12:00,40,3,47,12,9.4,Maize,33.5,66,67.0
2025-12-19,2,14:00,58,3,68,25,11.7,Wheat,9.6,110,59.8
2025-11-10,2,10:00,74,5,103,54,18.2,Cotton,8.0,128,85.5
2025-11-01,3,13:00,28,6,40,63,15.1,Rice,8.3,57,25.7
2025-06-18,4,11:00,76,5,115,6,20.1,Wheat,14.2,87,88.6
2025-10-14,5,13:00,16,1,55,5,22.3,Maize,30.0,58,52.7
2025-05-21,1,09:00,26,3,39,51,21.0,Wheat,21.3,26,41.2
2025-09-08,2,12:00,27,5,52,33,10.1,Rice,3.3,85,41.1
2025-08-22,2,12:00,85,4,99,63,8.6,Wheat,17.1,110,76.5
2025-04-02,2,10:00,10,3,25,5,9.9,Mustard,4.1,59,39.7
2025-04-08,3,10:00,35,3,65,26,20.3,Mustard,14.8,82,60.4
2025-01-23,5,10:00,38,3,51,2,22.5,Rice,14.7,68,73.5
2025-02-21,1,11:00,72,4,78,53,22.7,Wheat,23.0,135,84.3
2025-06-08,5,09:00,43,2,54,64,12.1,Wheat,19.7,94,73.2
2025-06-24,4,16:00,87,4,128,11,21.3,Maize,30.7,144,102.1
2025-03-02,4,12:00,66,2,77,24,16.1,Maize,1.6,72,78.1
2025-06-02,4,15:00,63,5,79,63,21.0,Maize,27.3,94,64.8
2025-08-09,1,17:00,67,6,95,3,16.3,Mustard,1.8,128,76.3
2025-03-26,4,09:00,14,4,18,71,9.5,Mustard,11.3,66,35.0
2025-05-04,2,13:00,40,3,52,66,8.3,Cotton,30.9,69,43.9
2025-05-15,3,15:00,52,6,59,11,23.3,Cotton,24.5,56,57.6
2025-07-04,4,13:00,18,4,59,10,14.2,Mustard,6.8,36,34.7
2025-05-14,4,12:00,10,3,51,51,13.0,Rice,17.7,47,40.4
2025-09-26,2,12:00,12,1,46,0,13.1,Mustard,25.5,53,45.9
2025-04-30,2,08:00,71,1,82,37,13.4,Wheat,32.9,131,81.5
2025-06-08,3,13:00,59,2,86,4,23.1,Wheat,22.6,65,82.9
2025-05-19,1,17:00,25,2,54,39,8.1,Cotton,1.8,50,33.0
2025-03-08,4,16:00,66,5,105,26,9.0,Maize,18.0,83,63.6
2025-09-08,1,09:00,62,4,69,52,20.4,Wheat,6.2,124,74.9
2025-03-27,3,14:00,73,6,106,66,16.3,Wheat,2.6,83,65.6
2025-04-19,4,11:00,81,4,89,36,9.2,Wheat,21.3,95,82.6
2025-10-17,1,16:00,79,6,104,48,7.6,Cotton,27.4,98,64.7
2025-12-13,5,09:00,16,4,55,45,10.8,Rice,2.2,22,37.5
2025-09-02,2,16:00,69,3,71,73,11.4,Rice,27.6,110,68.1
2025-12-01,1,15:00,35,5,41,17,7.2,Wheat,25.0,69,33.4
2025-11-08,4,09:00,36,3,72,17,10.7,Maize,26.6,72,60.5
2025-06-25,3,09:00,58,2,58,28,19.6,Mustard,9.3,116,83.7
2025-10-09,4,15:00,54,3,84,55,21.5,Cotton,14.4,82,72.1
2025-04-30,4,10:00,37,4,59,64,22.3,Cotton,5.1,57,55.6
2025-06-18,3,13:00,89,3,104,20,13.6,Wheat,9.1,113,85.4
2025-07-15,5,16:00,15,5,53,8,12.4,Maize,11.3,67,37.6
2025-12-17,2,13:00,8,6,46,45,24.0,Mustard,11.9,42,22.9
2025-11-06,3,12:00,2,3,16,44,20.1,Cotton,7.0,12,35.1
2025-06-28,1,12:00,73,2,73,28,16.1,Rice,7.4,117,91.8
2025-08-27,4,09:00,36,3,41,13,11.3,Maize,31.6,84,60.6
2025-03-15,2,16:00,39,6,43,63,12.5,Maize,27.7,55,27.8
2025-10-21,4,11:00,58,2,102,63,15.8,Mustard,12.7,94,77.5
2025-07-21,5,10:00,39,6,65,56,16.2,Wheat,33.2,75,55.4
2025-07-14,5,11:00,51,3,81,43,7.2,Maize,9.1,62,64.8
2025-10-07,5,16:00,5,6,15,19,23.3,Maize,14.8,5,23.3
2025-08-20,1,09:00,14,5,52,30,16.8,Mustard,28.7,60,42.5
2025-01-27,1,15:00,83,5,115,5,17.0,Mustard,16.1,123,78.6
2025-04-16,5,14:00,40,6,73,18,10.6,Rice,9.0,86,49.9
2025-03-06,2,15:00,15,2,36,33,20.0,Wheat,13.5,39,40.6
2025-09-26,1,17:00,33,4,64,32,19.5,Maize,18.0,66,42.1
2025-01-13,2,15:00,30,1,54,6,8.6,Mustard,22.1,93,57.5
2025-03-15,5,16:00,24,2,41,71,17.1,Rice,14.8,38,49.2
2025-08-07,2,10:00,26,1,52,20,18.2,Cotton,15.7,68,64.1
2025-09-11,1,15:00,65,5,79,38,21.2,Wheat,10.0,73,58.1
2025-07-03,4,13:00,9,4,51,34,10.5,Wheat,19.2,13,17.3
2025-11-11,1,13:00,27,5,59,35,21.9,Rice,8.5,89,52.3
2025-12-02,2,15:00,42,2,75,63,14.8,Mustard,30.5,50,52.4
2025-02-18,1,17:00,48,2,80,55,8.6,Rice,26.4,90,57.9
2025-12-14,4,14:00,79,5,99,65,8.8,Wheat,14.9,112,68.4
2025-08-13,3,12:00,83,5,125,28,10.4,Rice,26.4,135,92.3
2025-08-21,5,12:00,26,6,35,19,11.8,Rice,1.2,61,44.4
2025-02-04,2,12:00,48,1,73,32,15.4,Mustard,12.7,93,75.5
2025-08-15,2,11:00,2,3,5,42,19.7,Mustard,16.0,60,39.5
2025-09-22,1,12:00,55,1,68,25,10.2,Maize,17.0,108,71.2
2025-07-31,2,09:00,13,5,38,34,23.9,Maize,26.5,59,38.5
2025-01-31,3,09:00,6,1,28,11,9.7,Rice,33.7,16,41.4
2025-07-10,1,14:00,60,5,102,43,17.2,Maize,13.9,71,49.4
2025-12-08,3,12:00,16,1,43,53,22.8,Mustard,12.9,48,53.1
2025-09-22,5,16:00,42,1,60,39,21.2,Wheat,21.8,84,68.3
2025-02-20,4,13:00,9,6,28,65,18.0,Rice,10.6,52,26.2
2025-12-17,4,08:00,67,3,94,74,19.2,Cotton,5.8,118,83.6
2025-12-16,5,10:00,68,3,103,67,9.3,Maize,33.7,74,67.7
2025-03-03,4,10:00,51,4,63,6,7.2,Rice,28.5,62,70.7
2025-10-20,4,17:00,75,2,101,66,14.4,Wheat,33.6,84,75.7
2025-05-29,5,10:00,39,5,64,25,8.5,Wheat,8.4,74,52.4
2025-08-05,1,12:00,16,3,16,33,13.1,Wheat,1.6,57,30.5
2025-06-12,5,16:00,13,2,54,30,10.8,Cotton,15.9,20,38.2
2025-10-13,2,17:00,19,3,44,21,22.6,Mustard,32.7,75,50.4
2025-12-30,4,10:00,18,1,28,65,22.0,Mustard,5.7,37,50.4
2025-10-18,5,09:00,29,2,57,47,20.9,Cotton,5.0,71,62.8
2025-12-06,3,10:00,19,4,49,72,19.1,Maize,3.3,67,44.9
2025-12-12,1,09:00,53,1,94,71,9.6,Cotton,27.0,55,65.9
2025-02-02,2,10:00,13,1,14,31,7.8,Wheat,27.7,69,44.7
2025-04-03,3,13:00,55,4,73,54,18.1,Mustard,24.6,118,71.0
2025-09-21,5,16:00,30,3,38,37,17.9,Maize,2.8,92,58.9
2025-08-04,5,13:00,61,1,86,37,13.3,Cotton,25.6,70,73.6
2025-01-19,3,13:00,46,5,68,55,15.0,Rice,16.3,71,57.6
2025-02-04,5,10:00,81,5,102,51,15.3,Rice,6.4,96,85.1
2025-07-09,3,15:00,39,1,83,68,11.1,Maize,11.0,68,50.5
2025-08-13,3,13:00,26,2,49,57,12.3,Wheat,18.0,89,45.5
2025-03-03,5,15:00,53,3,71,46,14.1,Mustard,12.2,102,66.5
2025-03-04,4,16:00,59,5,62,68,17.3,Wheat,34.0,109,54.8
2025-02-17,3,11:00,39,1,52,7,23.2,Maize,17.1,66,73.3
2025-07-26,3,09:00,50,5,90,57,16.2,Wheat,13.7,110,63.9
2025-01-03,4,10:00,42,2,62,29,19.4,Wheat,23.9,101,80.9
2025-07-28,4,12:00,27,1,67,32,20.7,Rice,23.1,79,77.8
2025-06-23,3,16:00,28,6,51,58,8.9,Rice,1.1,80,33.4
2025-06-20,1,11:00,81,1,105,20,18.1,Mustard,22.0,123,100.4
2025-09-05,1,14:00,60,1,79,66,15.2,Rice,9.3,66,60.7
2025-07-10,1,13:00,8,6,33,37,16.7,Rice,13.8,26,15.2
2025-09-23,3,10:00,86,4,89,26,7.7,Mustard,25.0,135,95.1
2025-10-06,4,11:00,64,3,66,24,22.4,Mustard,20.0,85,82.9
2025-12-02,5,13:00,4,5,25,31,23.2,Maize,13.5,15,18.2
2025-10-19,2,14:00,65,4,91,70,7.1,Mustard,6.7,126,66.0
2025-07-08,4,12:00,53,4,77,7,10.6,Mustard,18.2,84,73.5
2025-06-29,4,10:00,82,1,101,38,10.1,Cotton,11.9,137,108.5
2025-03-28,1,14:00,44,4,57,62,20.3,Wheat,32.0,62,50.6
2025-08-07,2,10:00,46,2,77,35,17.2,Cotton,19.2,69,73.2
2025-02-20,2,16:00,28,5,55,42,10.0,Maize,30.4,50,29.7
2025-12-06,5,10:00,28,4,30,26,20.8,Rice,14.3,52,54.4
2025-11-05,5,09:00,55,1,75,10,13.0,Wheat,29.1,83,82.6
2025-02-13,5,12:00,74,6,105,47,14.8,Rice,2.9,93,79.6
2025-10-14,3,12:00,80,2,115,68,13.6,Rice,11.1,132,94.7
2025-02-12,3,12:00,69,2,81,39,15.9,Mustard,3.7,90,81.0
2025-09-21,2,12:00,54,6,95,32,15.2,Maize,2.1,82,58.1
2025-02-02,4,17:00,45,5,74,9,11.7,Mustard,32.2,100,58.9
2025-06-28,1,12:00,30,6,49,70,14.2,Wheat,25.4,58,42.6
2025-08-29,2,12:00,69,4,97,65,22.4,Rice,22.3,69,83.6
2025-09-24,1,12:00,28,6,67,67,15.5,Cotton,19.1,28,32.9
2025-06-02,3,09:00,24,1,34,26,22.6,Rice,20.4,52,65.2
2025-12-03,2,13:00,78,4,84,46,16.4,Mustard,22.7,120,74.3
2025-10-10,1,10:00,53,2,72,32,20.1,Cotton,29.1,114,84.8
2025-03-18,2,13:00,31,3,34,17,12.0,Rice,21.3,39,46.6
2025-09-02,5,09:00,77,2,114,15,20.4,Cotton,26.5,112,102.0
2025-09-24,3,17:00,86,2,129,28,11.5,Rice,10.6,104,90.4
2025-05-02,5,12:00,28,3,55,41,7.3,Wheat,34.2,57,50.5
2025-09-27,5,15:00,46,6,90,9,9.7,Rice,2.1,74,56.4
2025-11-24,5,12:00,43,4,46,52,7.4,Mustard,14.1,63,56.0
2025-10-26,2,09:00,63,3,91,34,23.1,Wheat,31.0,64,87.4
2025-10-06,5,15:00,85,3,104,66,24.0,Maize,7.1,89,85.2
2025-08-20,5,13:00,49,4,61,20,20.0,Mustard,5.8,82,66.2
2025-04-09,5,14:00,71,2,85,3,8.8,Wheat,13.4,85,75.8
2025-10-18,2,12:00,53,4,77,23,22.3,Maize,15.6,74,70.9
2025-05-13,2,13:00,79,5,107,72,19.6,Maize,32.7,84,70.0
2025-07-14,3,15:00,36,2,43,24,12.6,Wheat,29.4,39,48.1
2025-04-25,5,13:00,34,4,61,52,15.5,Wheat,16.8,42,42.6
2025-04-25,5,11:00,38,5,79,63,18.2,Rice,34.1,62,58.1
2025-02-27,3,13:00,89,4,89,21,7.4,Mustard,22.8,99,74.9
2025-12-17,1,14:00,55,2,94,48,15.5,Cotton,30.7,70,62.7
2025-02-23,3,16:00,13,4,40,15,19.5,Mustard,9.4,32,33.7
2025-02-01,4,11:00,3,5,18,27,10.2,Cotton,17.6,21,28.3
2025-12-08,3,12:00,46,2,79,22,14.5,Wheat,2.0,46,62.9
2025-07-22,2,15:00,72,4,99,50,16.1,Cotton,1.3,79,69.3
2025-06-09,2,12:00,43,5,77,65,19.5,Maize,25.0,104,58.3
2025-09-27,1,14:00,50,2,53,18,23.4,Mustard,5.0,93,69.5
2025-05-20,2,12:00,71,3,73,21,21.4,Mustard,19.6,79,88.3
2025-02-16,4,10:00,46,6,74,61,17.6,Rice,24.7,64,60.6
2025-09-24,2,14:00,81,3,94,34,16.9,Maize,2.1,105,77.9
2025-03-06,5,10:00,57,4,67,38,17.3,Wheat,16.3,115,77.2
2025-07-21,1,10:00,65,1,83,52,16.3,Rice,24.3,122,92.3
2025-12-13,3,13:00,70,6,102,10,8.0,Wheat,31.3,120,73.4
2025-12-08,3,14:00,56,4,64,65,18.9,Maize,11.2,62,56.7
2025-05-12,5,15:00,4,5,47,27,19.2,Mustard,34.1,35,31.7
2025-10-12,5,11:00,38,4,56,49,15.7,Maize,29.7,69,58.8
2025-08-12,3,09:00,12,3,18,32,21.8,Cotton,23.1,53,54.8
2025-06-24,4,16:00,45,3,48,56,18.4,Mustard,14.3,99,63.6
2025-02-21,4,10:00,12,5,50,45,13.2,Mustard,25.2,32,31.7
2025-05-18,3,10:00,45,6,50,12,7.3,Rice,28.8,81,61.9
2025-08-26,1,11:00,30,1,48,14,8.0,Mustard,11.3,47,47.7
2025-12-27,3,12:00,1,6,31,65,13.0,Cotton,34.8,14,25.3
2025-01-02,2,15:00,11,5,34,38,14.9,Maize,31.9,31,25.5
2025-09-19,3,14:00,45,1,56,20,9.8,Mustard,17.5,92,59.6
2025-11-05,4,14:00,7,1,11,10,10.2,Maize,25.6,35,34.8
2025-12-14,2,10:00,77,5,109,9,10.9,Maize,18.8,121,86.8
2025-06-04,2,11:00,68,6,90,68,20.3,Mustard,26.9,112,82.1
2025-02-13,5,12:00,63,3,65,73,20.1,Mustard,29.1,86,77.4
2025-04-09,2,10:00,15,4,23,29,13.5,Wheat,1.8,77,42.2
2025-11-07,1,11:00,71,6,96,15,9.9,Rice,3.7,74,64.8
2025-11-17,4,11:00,57,2,64,31,8.9,Maize,12.4,115,71.6
2025-08-21,4,10:00,35,2,52,10,8.5,Wheat,32.2,35,53.6
2025-02-14,5,13:00,0,6,5,41,13.7,Rice,14.5,24,15.0
2025-02-14,4,14:00,47,2,82,46,7.8,Cotton,31.2,100,60.6
2025-06-24,5,09:00,71,3,99,73,12.7,Rice,16.7,115,87.1
2025-08-03,3,12:00,3,3,38,23,23.3,Maize,10.8,23,44.6
2025-01-12,2,14:00,4,4,6,14,15.6,Cotton,31.6,61,34.3
2025-09-08,5,14:00,34,2,50,10,21.0,Wheat,20.1,42,55.9
2025-07-18,2,15:00,46,5,58,28,9.2,Rice,13.3,89,48.0
2025-01-05,2,12:00,42,5,70,45,11.6,Cotton,2.5,75,53.6
2025-02-04,5,15:00,38,2,74,4,23.1,Maize,4.8,51,64.3
2025-06-15,5,11:00,22,3,32,56,13.5,Maize,5.7,81,54.9
2025-09-21,2,11:00,5,1,39,34,18.0,Maize,13.4,54,48.3
2025-10-29,4,10:00,2,2,28,59,23.6,Wheat,21.6,2,31.7
2025-06-07,5,12:00,8,6,45,34,16.4,Cotton,11.5,13,31.1
2025-04-18,4,12:00,62,4,65,11,12.2,Wheat,3.2,65,67.0
2025-12-20,1,11:00,70,4,114,1,16.0,Wheat,10.0,97,86.2
2025-06-17,4,14:00,39,6,58,41,7.9,Cotton,14.9,66,41.7
2025-04-26,1,11:00,6,5,18,40,8.9,Mustard,34.7,53,32.4
2025-06-11,5,11:00,37,5,45,61,7.1,Cotton,14.4,80,48.6
2025-01-05,1,10:00,88,5,132,65,22.0,Maize,4.0,88,87.1
2025-04-21,5,12:00,22,3,61,12,18.4,Wheat,20.8,52,52.5
2025-07-08,1,11:00,44,4,49,23,12.1,Mustard,32.3,95,61.3
2025-12-02,3,11:00,48,2,68,15,10.8,Maize,27.7,106,70.0
2025-09-27,2,10:00,29,6,62,8,18.6,Mustard,29.4,47,50.4
2025-10-13,5,14:00,39,2,65,0,22.6,Mustard,32.6,41,75.6
2025-07-18,2,16:00,42,6,50,6,12.1,Mustard,22.6,51,40.4
2025-02-10,4,12:00,42,6,58,39,12.5,Maize,34.8,64,47.8
2025-05-23,1,13:00,64,1,80,11,21.5,Wheat,2.1,92,78.7
2025-12-30,3,15:00,52,5,64,14,22.2,Maize,29.4,74,60.0
2025-01-17,5,17:00,4,6,47,8,22.5,Maize,30.1,9,24.0
2025-11-17,5,13:00,0,4,9,54,12.0,Maize,32.2,22,22.8
2025-09-07,2,15:00,36,3,67,47,9.0,Mustard,17.3,54,46.1
2025-04-14,2,16:00,81,6,122,72,14.5,Mustard,27.8,112,70.8
2025-10-11,3,15:00,3,4,38,8,12.0,Rice,7.6,8,22.5
2025-11-02,3,12:00,6,1,41,15,22.0,Rice,21.5,57,60.2
2025-01-16,3,09:00,61,2,68,34,7.6,Maize,13.2,88,74.2
2025-02-08,1,08:00,40,5,45,48,17.8,Mustard,21.3,60,44.7
2025-08-31,4,12:00,20,3,55,9,22.4,Cotton,24.0,78,59.2
2025-12-31,2,12:00,18,2,51,15,23.6,Wheat,12.8,66,64.9
2025-01-09,2,12:00,59,5,92,31,18.1,Cotton,8.4,67,67.6
2025-08-31,5,13:00,47,1,65,1,23.1,Cotton,11.9,56,79.6
2025-02-19,4,13:00,57,2,80,29,8.3,Maize,23.6,57,62.5
2025-08-26,2,15:00,25,3,25,56,13.1,Wheat,24.0,61,35.7
2025-08-16,5,09:00,47,1,60,39,7.1,Mustard,26.2,70,73.0
2025-02-03,2,10:00,77,3,100,32,23.7,Mustard,5.3,101,90.3
2025-09-06,3,15:00,28,6,33,36,22.3,Mustard,28.8,61,40.2
2025-11-24,2,15:00,35,6,40,71,7.5,Wheat,24.4,70,26.6
2025-11-12,1,17:00,14,6,16,39,7.3,Mustard,2.0,14,8.7
2025-01-11,3,15:00,57,2,66,40,13.2,Rice,12.4,64,64.1
2025-03-31,3,15:00,2,1,46,69,11.4,Cotton,16.9,53,28.6
2025-03-29,5,11:00,22,5,53,11,21.4,Rice,13.3,83,67.9
2025-06-15,2,12:00,64,3,106,7,9.7,Mustard,5.0,118,81.6
2025-02-22,5,11:00,1,5,12,33,20.4,Cotton,8.0,59,40.2
2025-11-08,4,13:00,89,1,115,23,16.4,Wheat,1.8,119,98.6
2025-10-11,1,16:00,36,5,76,15,13.4,Cotton,4.2,89,49.1
2025-10-23,4,11:00,35,4,50,8,9.5,Cotton,10.1,92,54.4
2025-03-14,3,13:00,48,6,77,65,24.0,Wheat,28.9,106,56.9
2025-01-06,2,11:00,57,1,88,46,17.5,Wheat,18.9,66,75.0
2025-11-29,3,10:00,41,3,78,51,14.5,Maize,15.4,50,58.4
2025-04-16,2,10:00,79,6,122,8,13.3,Rice,23.5,105,87.6
2025-08-28,4,09:00,86,3,113,25,22.4,Maize,19.4,118,109.0
2025-11-28,3,16:00,18,4,44,46,21.0,Mustard,5.5,80,46.2
2025-01-14,3,12:00,63,1,102,39,20.8,Rice,8.6,83,92.3
2025-01-02,2,15:00,27,5,57,52,17.5,Rice,8.6,81,40.9
2025-01-02,2,14:00,89,2,105,50,22.1,Cotton,21.4,146,99.1
2025-02-27,3,10:00,22,4,50,31,12.1,Wheat,16.7,84,46.9
2025-01-19,3,10:00,26,6,50,58,19.0,Mustard,14.2,38,42.7
2025-10-27,2,15:00,64,4,74,19,13.9,Rice,19.9,79,68.0
2025-08-10,3,11:00,71,3,94,6,17.2,Wheat,34.0,85,91.5
2025-12-24,2,16:00,11,2,39,68,24.0,Rice,11.7,58,41.3
2025-10-20,3,10:00,50,3,90,1,23.7,Mustard,18.7,94,86.0
2025-12-18,1,14:00,31,6,57,21,15.7,Cotton,17.3,57,40.0
2025-03-29,3,15:00,55,2,62,8,16.8,Wheat,25.4,60,71.2
2025-04-16,4,10:00,50,4,94,17,22.3,Maize,25.8,83,76.8
2025-11-07,5,11:00,88,3,114,29,23.8,Maize,25.8,135,108.4
2025-03-31,4,16:00,84,2,96,9,20.2,Cotton,7.9,114,94.8
2025-01-21,4,11:00,58,5,91,35,8.1,Maize,16.3,75,58.4
2025-09-02,1,12:00,61,3,78,69,12.5,Mustard,28.6,99,69.6
2025-10-20,2,12:00,80,2,96,10,22.2,Maize,14.0,122,102.1
2025-12-20,4,11:00,16,4,53,69,20.1,Cotton,34.5,54,46.7
2025-12-05,5,14:00,65,5,104,30,19.6,Mustard,13.4,121,77.0
2025-02-13,3,14:00,69,6,92,44,18.4,Wheat,17.9,89,63.9
2025-10-09,5,11:00,11,4,27,33,14.1,Mustard,17.1,50,37.5
2025-11-05,2,15:00,79,4,117,23,13.9,Maize,15.7,134,82.4
2025-09-12,1,10:00,62,5,69,8,20.8,Maize,29.8,75,70.0
2025-10-27,1,08:00,31,2,64,44,12.0,Mustard,6.3,49,37.2
2025-11-02,3,13:00,43,2,69,68,18.6,Rice,20.3,46,58.7
2025-06-12,4,17:00,44,3,82,39,19.3,Cotton,22.0,68,64.1
2025-01-15,2,08:00,82,4,100,44,21.4,Wheat,29.9,84,75.2
2025-06-16,4,10:00,87,4,124,48,12.4,Wheat,21.7,135,93.0
2025-03-15,4,12:00,72,1,72,29,19.6,Mustard,33.6,77,97.3
2025-02-11,2,15:00,58,5,92,9,8.8,Maize,30.7,103,57.1
2025-02-15,2,09:00,9,3,12,38,9.3,Rice,12.9,46,30.5
2025-09-12,4,12:00,82,6,110,65,14.1,Mustard,30.2,146,83.1
2025-07-04,4,14:00,12,5,20,23,7.9,Rice,33.6,34,23.4
2025-07-17,1,11:00,15,6,58,65,23.1,Mustard,9.7,37,27.6
2025-09-29,2,10:00,6,4,40,64,22.3,Wheat,21.7,21,29.5
2025-07-20,3,10:00,85,4,89,18,7.8,Mustard,10.6,119,93.2
2025-08-18,3,12:00,44,2,84,43,21.3,Mustard,23.1,58,66.4
2025-02-01,1,12:00,21,3,32,56,15.7,Rice,4.2,28,39.2
2025-11-07,5,15:00,7,6,31,37,18.9,Rice,26.0,68,41.0
2025-06-13,2,13:00,37,3,40,52,22.1,Cotton,15.3,81,56.1
2025-02-26,2,14:00,65,1,69,68,16.8,Wheat,21.0,72,65.6
2025-10-24,1,17:00,89,2,99,47,9.0,Wheat,1.9,129,79.0
2025-09-26,5,12:00,49,4,73,62,7.0,Wheat,24.6,68,56.6
2025-01-20,2,12:00,54,4,78,60,15.4,Maize,17.9,65,63.8
2025-03-12,5,16:00,75,6,113,60,23.1,Rice,22.3,105,79.3
2025-01-06,3,11:00,81,6,88,63,16.7,Wheat,11.7,132,77.6
2025-04-09,5,14:00,25,4,58,16,13.3,Maize,6.0,25,31.3
2025-02-06,1,14:00,89,4,89,1,7.5,Wheat,15.8,112,75.5
2025-09-17,1,09:00,46,5,59,11,22.6,Rice,33.1,105,69.1
2025-07-10,5,12:00,83,1,90,18,12.6,Wheat,8.7,108,96.5
2025-12-24,5,10:00,10,4,15,51,19.0,Cotton,24.0,16,34.3
2025-10-01,3,10:00,8,3,34,38,18.8,Cotton,2.7,35,42.6
2025-08-12,1,12:00,79,5,119,35,11.3,Cotton,25.4,123,81.3
2025-07-05,5,11:00,60,5,90,0,8.1,Rice,9.1,124,83.5
2025-01-20,2,15:00,15,4,53,51,13.5,Rice,16.4,55,26.7
2025-01-26,5,16:00,80,4,106,27,12.4,Maize,13.5,83,78.3
2025-08-13,5,15:00,9,5,11,57,18.9,Maize,4.8,61,23.4
2025-01-02,5,11:00,61,4,76,8,20.9,Wheat,12.7,111,84.6
2025-01-16,4,11:00,18,2,55,22,10.8,Cotton,12.9,60,58.4
2025-03-21,4,11:00,6,2,7,4,16.0,Maize,18.8,64,49.9
2025-11-19,3,10:00,72,5,76,21,7.7,Mustard,34.1,122,77.2
2025-06-17,1,16:00,76,4,113,69,10.6,Cotton,17.0,91,74.3
2025-09-16,2,12:00,9,2,11,36,19.9,Wheat,32.1,36,38.6
2025-05-31,4,10:00,8,6,51,32,20.5,Wheat,16.7,40,41.2
2025-03-05,5,15:00,55,6,89,20,20.2,Wheat,4.7,86,57.5
2025-05-16,3,12:00,2,4,31,19,9.4,Wheat,8.8,43,25.8
2025-02-03,4,08:00,67,2,91,50,16.4,Maize,14.9,112,74.1
2025-10-09,1,10:00,82,6,86,73,14.2,Cotton,12.1,88,69.2
2025-03-08,3,13:00,67,2,85,56,23.9,Cotton,30.4,103,87.9
2025-05-18,3,14:00,20,3,56,55,18.1,Rice,24.1,22,39.6
2025-12-24,5,10:00,17,6,57,35,22.9,Maize,20.7,50,48.5
2025-08-05,2,16:00,61,4,81,7,9.5,Wheat,17.7,88,58.1
2025-06-17,2,15:00,5,2,42,54,14.7,Maize,14.5,18,22.9
2025-07-18,2,15:00,48,1,82,60,20.1,Wheat,21.8,112,73.1
2025-10-14,1,10:00,40,3,42,38,13.3,Wheat,5.2,56,43.8
2025-04-03,3,09:00,67,5,94,6,17.8,Wheat,6.5,70,70.6
2025-08-21,4,15:00,18,5,45,53,15.7,Cotton,11.3,41,30.3
2025-11-15,5,11:00,68,2,92,69,23.9,Rice,6.8,117,101.4
2025-07-28,5,13:00,62,1,96,16,10.0,Mustard,24.0,62,77.6
2025-06-12,1,14:00,21,5,61,11,22.9,Mustard,1.8,53,37.5
2025-02-22,2,10:00,32,1,56,55,13.8,Cotton,6.4,59,57.8
2025-04-01,2,14:00,5,1,19,24,15.0,Rice,31.7,61,38.4
2025-12-12,2,16:00,40,3,84,53,16.0,Wheat,34.9,40,47.5
2025-07-17,5,14:00,23,4,66,52,11.5,Rice,17.6,24,33.6
2025-04-20,1,12:00,10,2,40,19,23.4,Rice,17.8,46,53.6
2025-06-02,1,15:00,50,2,78,3,22.5,Cotton,27.3,61,69.4
2025-07-30,5,12:00,51,2,55,41,23.5,Cotton,2.2,96,84.7
2025-07-16,5,14:00,7,3,25,30,23.9,Wheat,15.5,25,34.1
2025-09-13,2,15:00,16,1,24,64,18.4,Cotton,4.4,52,39.5
2025-04-04,2,14:00,7,1,30,26,14.7,Wheat,14.6,9,28.2
2025-08-25,3,11:00,61,3,98,18,21.5,Cotton,34.4,106,82.2
2025-06-11,3,09:00,30,1,40,64,7.4,Rice,26.6,63,51.1
2025-12-10,5,10:00,6,2,50,55,21.2,Rice,34.5,6,42.7
2025-02-27,3,12:00,17,4,22,46,15.5,Mustard,26.4,34,40.6
2025-02-24,1,12:00,87,1,91,71,18.4,Rice,21.7,90,92.2
2025-06-18,3,13:00,23,4,66,58,13.4,Cotton,26.6,25,30.4
2025-07-05,3,12:00,61,4,65,64,13.3,Maize,23.4,106,71.4
2025-09-10,3,14:00,42,4,75,59,7.5,Maize,16.8,69,38.7
2025-05-28,3,16:00,16,4,50,30,14.2,Mustard,10.9,68,34.6
2025-11-30,5,11:00,27,5,41,4,13.9,Mustard,18.7,43,51.4
2025-06-23,5,14:00,1,1,3,45,10.8,Mustard,9.8,47,28.2
2025-02-17,2,14:00,67,2,80,57,11.2,Cotton,17.5,106,69.3
2025-02-13,2,12:00,30,2,33,74,16.9,Mustard,6.0,73,48.1
2025-12-22,4,10:00,44,5,74,51,12.4,Mustard,20.2,97,56.6
2025-02-18,3,15:00,13,6,52,42,21.1,Mustard,9.3,58,30.7
2025-12-12,3,16:00,74,6,118,43,8.9,Rice,11.0,122,69.8
2025-04-12,1,14:00,19,4,55,8,16.8,Mustard,18.0,67,38.3
2025-02-04,2,16:00,50,3,84,0,9.7,Cotton,6.5,79,61.2
2025-04-22,4,17:00,78,3,117,3,16.0,Mustard,33.7,125,96.0
2025-08-13,5,11:00,64,1,98,67,16.4,Maize,16.2,118,92.4
2025-06-06,4,13:00,54,3,83,59,17.9,Maize,13.0,101,66.9
2025-10-14,2,12:00,79,4,123,19,14.3,Mustard,2.0,118,89.3
2025-08-12,1,17:00,15,2,29,31,15.7,Maize,29.7,19,36.1
2025-05-27,1,09:00,86,5,104,36,10.1,Wheat,22.3,114,78.0
2025-08-20,2,12:00,50,5,90,18,14.9,Maize,15.2,54,53.7
2025-12-21,3,15:00,36,2,49,31,13.3,Rice,9.3,42,46.9
2025-05-31,5,11:00,23,6,36,26,18.3,Mustard,26.3,46,53.4
2025-02-26,5,14:00,67,1,73,52,14.4,Rice,33.1,97,88.5
2025-05-30,1,12:00,87,6,99,56,20.2,Mustard,13.9,121,80.9
2025-11-03,4,17:00,62,5,88,7,14.2,Rice,5.6,120,71.3
2025-03-21,2,15:00,2,2,41,34,11.0,Cotton,4.7,51,26.5
2025-12-13,1,11:00,42,4,48,74,11.7,Wheat,1.2,69,49.3
2025-08-03,3,14:00,65,2,95,65,7.8,Maize,26.3,86,62.4
2025-08-08,1,11:00,35,5,69,59,16.2,Maize,34.4,81,43.6
2025-04-26,2,13:00,69,1,109,55,21.1,Mustard,34.8,86,92.2
2025-12-02,3,13:00,63,2,96,0,20.1,Mustard,27.7,120,89.4
2025-01-14,2,15:00,6,2,13,73,14.4,Cotton,6.5,56,27.8
2025-04-20,3,08:00,50,2,72,55,10.3,Wheat,34.2,94,62.3
2025-06-02,3,10:00,15,2,57,66,21.7,Cotton,12.1,31,48.7
2025-06-24,4,14:00,43,4,83,68,8.0,Rice,12.3,83,44.2
2025-06-23,1,13:00,34,4,61,19,13.8,Cotton,24.4,87,46.7
2025-02-23,1,12:00,72,4,115,1,21.6,Rice,2.7,76,88.3
2025-03-24,3,09:00,78,2,108,49,13.7,Cotton,29.1,89,82.5
2025-02-04,2,11:00,41,2,43,34,9.0,Cotton,34.9,74,59.5
2025-07-28,4,15:00,48,6,89,1,11.5,Rice,27.4,71,54.8
2025-05-09,1,08:00,56,2,63,20,17.2,Cotton,27.6,102,71.3
2025-07-26,3,12:00,58,1,75,74,9.6,Mustard,14.3,84,71.0
2025-08-04,5,16:00,57,3,67,27,18.1,Rice,3.2,121,75.4
2025-09-14,1,09:00,70,1,102,19,14.4,Mustard,28.0,89,84.7
2025-07-19,2,14:00,88,3,89,49,12.7,Maize,21.3,111,82.2
2025-08-25,5,11:00,74,6,102,49,11.1,Wheat,31.9,74,69.3
2025-08-03,3,15:00,12,2,50,24,21.0,Maize,4.9,28,36.2
2025-08-27,1,14:00,42,5,77,63,13.7,Maize,11.4,57,36.0
2025-08-14,2,15:00,41,3,54,43,19.6,Mustard,13.3,90,55.9
2025-04-26,4,10:00,45,3,85,12,14.5,Cotton,24.2,66,72.3
2025-03-31,5,13:00,47,4,63,24,8.6,Rice,27.8,60,47.9
2025-10-15,2,14:00,64,4,94,63,14.5,Wheat,33.7,84,63.0
2025-05-06,3,11:00,37,2,59,6,15.6,Mustard,11.0,73,62.3
2025-07-20,4,10:00,23,2,26,0,14.8,Maize,17.8,74,61.1
2025-03-13,1,08:00,41,6,41,49,20.9,Rice,2.0,104,46.0
2025-06-07,2,16:00,76,2,84,33,22.5,Cotton,9.6,79,83.8
2025-07-13,4,14:00,28,6,70,18,20.4,Cotton,13.7,82,56.1
2025-08-17,1,13:00,1,3,43,35,16.9,Cotton,21.2,26,29.1
2025-07-12,4,14:00,87,6,105,13,16.2,Rice,17.0,139,95.8
2025-05-12,3,13:00,17,3,60,28,18.0,Rice,13.4,19,38.7
2025-12-18,5,12:00,54,4,56,17,11.9,Mustard,22.2,94,72.9
2025-07-07,1,12:00,72,4,115,43,20.8,Maize,29.2,132,83.2
2025-10-23,5,13:00,24,3,34,50,21.6,Maize,9.2,26,38.8
2025-09-26,2,10:00,30,2,31,68,11.5,Mustard,12.7,81,48.6
2025-07-23,1,15:00,25,4,59,5,22.3,Maize,25.0,32,44.5
2025-11-20,4,15:00,13,4,30,24,21.4,Mustard,27.4,76,43.3
2025-02-16,3,11:00,13,2,26,19,14.2,Rice,29.1,61,55.4
2025-12-03,5,13:00,16,5,50,43,22.5,Wheat,8.1,75,41.8
2025-11-07,1,10:00,41,4,55,39,9.0,Cotton,19.3,99,58.7
2025-07-03,1,17:00,47,1,80,65,7.5,Cotton,31.6,67,52.6
2025-09-25,3,16:00,1,6,9,68,12.9,Maize,14.3,28,7.4
2025-07-09,5,16:00,76,1,79,57,16.6,Cotton,15.6,120,85.2
2025-04-09,3,11:00,60,4,74,14,13.0,Wheat,34.5,71,64.8
2025-10-19,4,10:00,6,3,33,3,23.0,Mustard,4.8,25,41.0
2025-03-31,5,10:00,75,4,85,67,11.3,Cotton,25.0,81,79.5
2025-04-25,5,09:00,2,5,8,70,11.8,Mustard,29.9,59,30.0
2025-07-09,3,10:00,50,5,83,18,17.8,Mustard,6.1,66,65.8
2025-11-02,4,09:00,41,4,63,3,7.1,Maize,25.3,67,56.9
2025-05-21,3,17:00,45,6,64,51,19.4,Cotton,17.0,74,48.0
2025-06-30,4,09:00,86,5,96,44,13.4,Cotton,30.0,110,88.3
2025-01-16,3,10:00,83,5,83,66,23.6,Mustard,31.9,133,97.6
2025-02-12,3,15:00,25,3,27,43,18.8,Rice,30.7,84,56.7
2025-01-21,3,13:00,52,2,82,57,7.9,Mustard,3.2,89,58.7
2025-01-27,4,14:00,86,2,89,58,8.6,Maize,26.7,140,86.9
2025-11-14,4,13:00,65,4,76,0,8.5,Cotton,32.3,72,70.7
2025-11-04,5,15:00,79,4,119,11,23.2,Cotton,22.1,141,100.3
2025-10-27,4,13:00,39,1,54,58,18.6,Wheat,21.4,46,53.6
2025-01-21,1,12:00,25,2,58,13,14.3,Maize,2.5,29,43.8
2025-01-29,3,14:00,45,6,60,15,10.4,Rice,30.1,46,40.6
2025-04-13,2,12:00,73,5,114,56,21.9,Maize,2.6,88,78.3
2025-07-26,1,11:00,83,5,119,15,10.4,Mustard,11.7,137,85.4
2025-05-02,1,12:00,61,2,82,11,19.0,Maize,32.5,80,83.4
2025-06-27,3,10:00,63,1,93,1,20.0,Maize,33.3,114,98.9
2025-03-05,5,15:00,46,2,64,35,12.0,Cotton,34.7,73,68.4
2025-09-24,3,11:00,28,6,70,47,15.6,Maize,17.2,34,32.2
2025-04-25,3,10:00,38,4,54,54,10.8,Cotton,7.0,68,55.6
2025-01-25,1,11:00,44,5,81,67,13.4,Maize,17.6,59,43.8
2025-09-29,4,15:00,73,3,100,48,23.4,Wheat,4.5,91,76.1
2025-11-26,1,11:00,49,3,77,56,18.8,Wheat,30.7,82,63.7
2025-01-06,5,14:00,71,4,86,15,21.4,Mustard,20.1,122,91.3
2025-06-09,5,15:00,2,6,39,25,16.2,Maize,14.8,40,22.3
2025-10-29,5,09:00,68,3,101,22,11.1,Cotton,3.7,82,80.4
2025-09-15,2,14:00,45,4,81,4,19.1,Mustard,14.8,91,59.9
2025-11-09,1,11:00,89,6,125,72,15.5,Mustard,30.5,134,84.0
2025-06-01,2,10:00,42,3,49,18,10.0,Cotton,24.9,57,63.1
2025-05-16,4,14:00,43,6,82,33,14.0,Maize,3.8,98,51.6
2025-09-16,2,16:00,11,4,48,26,17.8,Maize,6.4,65,36.5
2025-02-26,5,11:00,72,6,82,3,19.5,Wheat,14.3,111,86.0
2025-03-29,1,13:00,63,3,107,67,11.1,Mustard,4.4,82,52.3
2025-08-08,1,11:00,77,4,100,16,21.9,Rice,32.8,100,88.9
2025-09-01,2,13:00,8,2,22,7,13.5,Cotton,23.2,36,35.1
2025-02-13,4,13:00,19,4,29,25,11.6,Mustard,4.2,31,27.2
2025-07-05,4,13:00,78,2,94,10,10.3,Maize,27.8,97,83.4
2025-05-14,2,13:00,3,4,4,74,20.7,Mustard,13.5,11,11.1
2025-07-03,4,10:00,45,5,76,14,13.0,Cotton,9.3,55,61.1
2025-12-16,4,14:00,36,3,67,22,15.2,Wheat,20.4,84,57.5
2025-01-28,3,14:00,84,3,114,20,10.8,Maize,1.5,92,78.3
2025-12-30,3,14:00,77,2,101,1,18.7,Wheat,16.8,107,87.2
2025-06-14,1,09:00,80,5,96,0,20.3,Rice,29.7,107,95.5
2025-10-09,2,12:00,26,4,58,38,12.8,Maize,32.6,29,35.4
2025-06-04,3,12:00,52,4,91,17,23.1,Maize,12.6,106,78.6
2025-04-24,1,09:00,63,1,66,6,7.5,Mustard,22.8,126,75.1
2025-10-09,3,10:00,87,1,104,21,9.3,Mustard,8.7,128,94.5
2025-09-08,1,12:00,0,1,44,20,17.0,Wheat,20.0,43,39.3
2025-02-22,4,14:00,87,6,125,31,18.9,Maize,9.6,102,89.7
2025-09-15,1,10:00,31,6,75,74,11.3,Wheat,20.4,85,32.6
2025-10-02,1,15:00,11,1,19,23,16.4,Wheat,6.8,61,32.6
2025-05-22,4,13:00,55,1,75,52,12.4,Mustard,33.0,83,69.8
2025-12-04,2,14:00,70,5,75,57,16.4,Wheat,31.2,115,72.1
2025-08-22,2,12:00,11,4,49,3,18.2,Wheat,12.5,73,46.4
2025-05-02,2,12:00,3,2,26,37,23.5,Cotton,27.4,42,48.2
2025-01-04,2,13:00,80,4,90,33,14.7,Cotton,4.2,92,75.0
2025-09-04,4,16:00,84,2,88,38,18.0,Rice,26.2,105,91.4
2025-03-18,4,12:00,14,2,47,12,16.8,Cotton,10.6,26,49.3
2025-10-04,2,12:00,81,3,117,34,12.4,Cotton,5.6,102,87.8
2025-07-11,4,13:00,81,6,120,9,11.3,Rice,24.1,138,86.9
2025-06-20,4,14:00,89,5,132,70,23.8,Cotton,17.0,101,82.7
2025-03-01,3,09:00,19,2,55,44,10.5,Mustard,19.0,76,55.3
2025-09-17,3,12:00,52,4,87,2,20.4,Maize,18.7,70,72.6
2025-03-02,5,12:00,89,6,125,37,9.5,Wheat,3.0,121,86.7
2025-06-02,3,16:00,81,6,125,69,20.7,Rice,2.7,115,72.5
2025-11-02,2,12:00,54,5,74,55,10.2,Rice,21.4,62,55.3
2025-12-02,3,12:00,17,1,51,20,23.4,Rice,22.2,28,63.2
2025-12-28,5,16:00,7,2,43,66,18.7,Maize,2.6,26,32.7
2025-12-16,4,12:00,23,2,28,13,8.5,Cotton,13.9,26,45.9
2025-07-22,1,10:00,5,1,36,18,18.8,Mustard,21.8,54,44.9
2025-03-15,3,10:00,17,2,32,11,17.3,Mustard,23.3,52,55.7
2025-11-03,4,09:00,6,2,11,69,12.7,Maize,29.2,60,33.3
2025-10-20,2,08:00,68,4,75,53,11.4,Mustard,15.3,124,66.7
2025-12-28,5,12:00,53,3,58,38,19.2,Rice,19.6,75,81.2
2025-08-26,5,14:00,46,3,86,50,19.6,Wheat,20.7,99,68.3
2025-02-21,5,14:00,72,2,106,19,12.6,Rice,11.6,75,78.3
2025-07-03,1,08:00,36,1,40,5,21.9,Cotton,2.8,63,58.7
2025-06-13,3,13:00,36,6,64,63,11.6,Mustard,1.1,79,36.4
2025-11-04,3,10:00,18,4,47,72,8.2,Mustard,29.4,48,32.4
2025-05-24,4,16:00,40,2,63,2,17.2,Mustard,7.8,88,67.8
2025-04-30,5,10:00,15,5,42,3,8.8,Maize,22.4,70,47.7
2025-01-30,2,13:00,53,5,93,41,11.7,Maize,20.6,80,47.5
2025-11-01,3,11:00,89,6,112,3,15.6,Wheat,14.6,106,93.9
2025-10-03,4,13:00,47,1,76,54,11.9,Wheat,29.3,84,59.4
2025-01-16,4,12:00,26,4,51,70,10.7,Rice,24.7,82,51.3
2025-06-08,4,14:00,61,6,78,20,19.0,Maize,1.8,125,73.1
2025-06-25,2,10:00,73,5,113,22,16.3,Mustard,27.4,126,84.8
2025-06-21,5,16:00,42,2,60,64,21.3,Maize,18.2,57,57.8
2025-12-02,1,12:00,22,6,57,26,16.9,Cotton,12.8,35,29.9
2025-02-24,3,14:00,64,3,91,18,15.2,Mustard,25.7,101,73.5
2025-04-22,4,15:00,16,3,46,6,11.4,Rice,24.3,42,42.0
2025-03-08,1,17:00,89,4,123,62,20.5,Rice,11.6,128,87.7
2025-03-31,3,10:00,28,5,61,69,10.3,Wheat,34.4,88,44.5
2025-11-28,3,11:00,31,1,56,5,11.1,Mustard,23.1,66,58.1
2025-12-10,4,11:00,65,4,92,60,21.3,Rice,21.6,88,81.6
2025-01-17,1,11:00,1,5,23,11,19.6,Rice,3.4,57,30.7
2025-08-19,2,13:00,18,4,33,10,17.4,Wheat,10.5,46,33.0
2025-03-26,2,17:00,11,2,43,28,7.7,Cotton,16.2,50,29.5
2025-03-12,4,17:00,35,1,74,32,9.2,Maize,22.4,43,45.6
2025-04-17,2,12:00,49,4,80,64,15.5,Mustard,18.4,82,58.7
2025-03-12,3,13:00,16,5,50,52,19.7,Mustard,26.9,43,29.3
2025-06-28,4,15:00,30,4,67,10,14.9,Maize,9.9,37,40.5
2025-12-30,4,16:00,69,6,85,43,7.3,Mustard,24.9,82,59.5
2025-08-03,1,10:00,84,4,86,65,10.1,Cotton,28.8,129,84.6
2025-09-21,5,12:00,1,4,16,49,17.0,Mustard,27.0,12,25.8
2025-06-30,1,15:00,56,1,89,17,18.8,Mustard,27.2,64,69.0
2025-01-06,1,11:00,2,4,38,9,7.6,Mustard,31.2,5,23.3
2025-01-31,1,12:00,46,2,69,33,7.7,Cotton,3.9,47,51.2
2025-04-09,2,17:00,79,5,114,35,11.4,Cotton,24.7,107,77.8
2025-03-30,5,17:00,71,1,74,26,8.4,Mustard,33.9,102,82.2
2025-11-03,2,16:00,20,6,48,8,16.2,Wheat,20.5,60,33.4
2025-11-04,4,15:00,23,2,53,8,9.1,Maize,8.4,60,45.8
2025-11-08,3,11:00,70,3,92,39,18.0,Maize,35.0,104,90.7
2025-08-21,1,11:00,73,1,105,70,20.2,Wheat,6.9,137,88.2
2025-07-23,3,13:00,25,2,47,44,23.5,Rice,12.4,41,47.5
2025-08-25,1,13:00,0,6,23,32,23.1,Maize,6.9,46,20.9
2025-05-29,3,12:00,40,2,67,69,11.6,Rice,16.8,45,52.8
2025-09-02,3,13:00,55,4,90,51,7.5,Maize,15.2,110,59.0
2025-10-17,3,12:00,39,6,50,53,12.6,Cotton,17.7,62,44.3
2025-10-06,2,14:00,84,4,97,43,19.0,Maize,32.6,106,81.3
2025-08-13,4,11:00,73,1,91,57,8.0,Wheat,17.3,81,74.8
2025-01-22,3,11:00,70,3,79,37,13.1,Mustard,18.5,103,78.9
2025-09-22,2,10:00,1,3,16,46,12.1,Mustard,31.1,26,23.8
2025-05-14,3,10:00,76,2,91,46,10.7,Maize,28.8,139,91.5
2025-09-29,1,15:00,67,2,81,56,19.0,Rice,9.2,78,70.9
2025-07-16,5,12:00,35,4,53,67,18.2,Rice,1.4,62,57.4
2025-11-18,4,10:00,53,3,75,22,16.1,Wheat,22.4,111,77.3
2025-05-04,2,14:00,74,2,105,52,22.5,Cotton,29.7,126,91.5
2025-12-06,4,13:00,81,3,94,2,8.8,Maize,19.8,130,88.6
2025-11-05,4,08:00,49,3,87,39,9.5,Wheat,8.2,83,52.3
2025-05-01,4,11:00,3,2,24,67,13.5,Rice,26.2,59,44.6
2025-06-26,1,10:00,55,3,87,48,18.1,Rice,23.8,69,70.1
2025-07-13,5,13:00,61,6,66,20,16.9,Maize,20.2,113,69.1
2025-10-08,5,11:00,5,4,12,45,8.3,Mustard,30.4,42,31.3
2025-09-09,5,09:00,73,4,93,26,23.3,Rice,27.7,95,95.6
2025-11-07,5,09:00,18,6,34,32,12.2,Rice,23.7,32,31.3
2025-05-16,5,13:00,80,4,102,17,13.1,Mustard,23.6,113,81.3
2025-07-04,4,08:00,49,2,56,46,17.6,Rice,23.5,49,65.1
2025-06-07,1,15:00,28,3,49,14,23.1,Wheat,18.9,74,54.4
2025-11-28,3,10:00,5,3,35,33,18.3,Maize,16.8,20,29.2
2025-04-22,2,13:00,1,3,33,70,23.2,Mustard,25.1,26,26.7
2025-08-03,2,12:00,66,1,77,56,10.2,Rice,21.8,78,78.2
2025-02-13,5,12:00,33,1,48,31,17.5,Cotton,17.7,63,66.5
2025-11-07,5,09:00,75,3,98,72,21.1,Cotton,5.3,99,86.6
2025-05-21,3,15:00,20,6,43,1,15.7,Wheat,24.9,32,32.2
2025-05-05,4,15:00,82,5,117,71,13.2,Wheat,23.0,139,72.5
2025-08-01,1,08:00,84,6,101,26,23.7,Wheat,12.6,133,79.0
2025-07-02,2,10:00,9,2,39,61,9.4,Cotton,13.1,34,32.4
2025-11-06,5,16:00,58,3,97,71,14.0,Cotton,9.4,61,66.2
2025-07-13,3,13:00,84,4,97,45,21.8,Cotton,33.7,138,98.4
2025-07-08,3,10:00,29,3,66,45,22.3,Cotton,30.2,74,62.0
2025-02-08,3,10:00,6,3,20,56,23.7,Mustard,20.1,42,48.8
2025-01-09,2,13:00,78,3,93,17,22.0,Mustard,14.7,117,83.8
2025-05-26,5,14:00,42,1,71,13,7.9,Cotton,26.1,42,59.3
2025-12-31,4,13:00,2,6,29,25,22.8,Rice,18.9,32,29.2
2025-12-01,4,16:00,75,6,99,35,14.3,Maize,34.2,87,65.0
2025-08-18,2,12:00,61,1,71,55,18.1,Maize,2.9,103,81.1
2025-08-19,4,11:00,6,3,10,19,13.7,Maize,2.2,66,37.2
2025-05-23,5,12:00,23,4,63,42,20.8,Maize,20.3,57,55.7
2025-03-06,4,11:00,1,5,40,0,16.8,Rice,7.9,40,31.8
2025-01-04,3,10:00,85,6,124,2,21.4,Wheat,21.5,128,100.5
2025-05-04,2,09:00,2,3,25,72,10.3,Mustard,27.6,62,30.8
2025-04-26,3,11:00,71,5,110,63,10.1,Cotton,5.7,73,72.6
2025-03-11,2,14:00,46,6,67,64,14.5,Cotton,16.0,66,41.2
2025-04-05,4,08:00,52,5,55,24,7.1,Rice,24.4,69,57.8
2025-01-10,1,12:00,73,2,81,38,18.8,Rice,29.4,119,94.8
2025-08-10,1,13:00,80,5,92,50,12.0,Mustard,17.9,109,69.6
2025-12-05,4,13:00,11,3,27,19,16.5,Maize,8.0,61,39.1
2025-09-10,2,14:00,1,1,43,55,8.2,Wheat,20.9,31,23.2
2025-06-13,3,15:00,11,5,25,51,9.9,Rice,16.5,74,27.7
2025-06-03,3,14:00,61,6,88,30,17.6,Rice,27.2,110,62.1
2025-04-23,3,09:00,51,3,63,32,12.2,Maize,19.9,52,56.7
2025-02-21,4,12:00,7,3,35,23,10.7,Mustard,10.5,71,45.8
2025-08-07,2,13:00,21,3,46,60,10.9,Wheat,26.6,82,32.0
2025-07-26,4,11:00,48,1,54,74,10.7,Rice,18.6,50,68.5
2025-01-03,2,09:00,65,6,85,74,17.6,Wheat,7.0,90,63.6
2025-06-01,2,10:00,30,1,34,57,9.9,Mustard,20.1,93,56.6
2025-04-12,3,12:00,85,4,125,26,13.2,Maize,33.2,139,93.5
2025-03-04,5,12:00,89,1,120,58,18.7,Mustard,25.0,119,107.3
2025-09-14,2,10:00,68,5,110,18,15.7,Maize,11.2,103,85.3
2025-07-11,3,15:00,40,6,79,67,17.2,Cotton,25.2,41,37.1
2025-08-20,1,16:00,78,4,87,20,11.3,Maize,10.6,114,68.0
2025-09-18,1,10:00,65,4,96,30,22.9,Rice,19.5,108,82.5
2025-12-25,4,16:00,46,5,50,7,14.0,Maize,18.9,69,54.7
2025-10-21,4,08:00,39,6,82,6,11.9,Rice,9.4,58,45.5
2025-08-15,2,16:00,74,6,109,29,22.4,Mustard,12.8,127,76.2
2025-11-17,4,16:00,50,2,80,41,18.1,Cotton,33.0,79,75.1
2025-06-24,2,08:00,16,4,60,1,17.4,Rice,9.5,33,38.8
2025-12-26,2,14:00,89,5,127,63,22.1,Rice,28.2,113,84.7
2025-10-05,3,17:00,6,2,44,8,8.0,Wheat,23.7,37,28.1
2025-08-26,2,16:00,62,5,66,74,21.2,Wheat,19.1,78,59.6
2025-11-26,5,17:00,59,1,60,20,18.5,Mustard,5.7,95,79.6
2025-07-08,3,13:00,52,6,95,28,13.1,Maize,8.0,107,50.1
2025-09-21,2,09:00,4,4,15,11,11.4,Rice,7.1,52,30.2
2025-04-14,3,15:00,44,5,63,61,8.8,Mustard,21.0,59,35.0
2025-12-18,4,13:00,80,5,81,54,23.0,Maize,34.1,110,77.3
2025-08-16,2,13:00,21,2,49,5,9.4,Cotton,30.8,56,40.2
2025-10-13,5,12:00,62,3,98,7,11.4,Wheat,1.9,106,77.9
2025-06-18,3,13:00,77,6,114,45,18.7,Mustard,10.3,126,73.4
2025-11-13,4,10:00,85,1,111,64,19.1,Wheat,6.3,116,98.5
2025-01-28,5,14:00,46,5,75,8,9.7,Rice,34.2,66,61.4
2025-02-11,3,09:00,28,2,51,16,20.8,Rice,9.0,70,65.2
2025-07-05,1,14:00,62,4,82,40,15.7,Cotton,7.8,70,60.9
2025-09-25,4,15:00,43,4,67,8,21.4,Wheat,22.1,86,65.3
2025-10-23,1,12:00,56,5,98,22,8.5,Rice,19.9,114,67.3
2025-06-10,3,12:00,66,6,77,0,7.7,Rice,8.7,112,73.0
2025-08-26,5,11:00,63,3,84,37,17.8,Rice,23.8,91,87.1
2025-07-21,3,16:00,21,2,48,53,9.6,Cotton,4.3,74,39.9
2025-12-17,4,14:00,68,3,93,30,15.9,Rice,1.7,102,86.5
2025-08-27,3,11:00,48,4,49,19,7.2,Rice,3.8,83,61.5
2025-06-02,2,10:00,83,5,95,31,20.3,Mustard,13.4,138,89.3
2025-12-20,2,10:00,59,5,88,38,22.3,Cotton,34.2,71,77.3
2025-02-09,3,12:00,80,3,111,12,21.3,Wheat,19.6,130,102.1
2025-12-26,1,16:00,88,6,121,8,23.3,Maize,26.7,132,89.7
2025-02-26,3,14:00,89,1,133,13,22.4,Maize,11.9,123,100.5
2025-04-16,3,10:00,67,1,97,73,14.5,Cotton,25.5,72,77.4
2025-10-27,5,15:00,53,1,79,54,13.8,Mustard,33.9,102,75.8
2025-09-25,1,11:00,10,6,24,9,22.2,Cotton,13.2,24,35.0
2025-12-21,5,15:00,34,2,50,22,22.8,Mustard,35.0,92,74.4
2025-10-01,3,11:00,42,4,79,30,23.5,Rice,22.7,93,77.5
2025-08-21,4,13:00,70,5,91,13,20.1,Rice,26.5,93,80.6
2025-05-07,3,16:00,52,5,84,63,10.4,Wheat,9.6,80,46.4
2025-01-02,2,11:00,39,6,44,70,23.1,Maize,22.9,40,42.3
2025-02-15,5,14:00,13,1,18,18,23.1,Rice,18.4,45,58.7
2025-04-19,2,17:00,64,3,73,1,18.3,Rice,33.5,67,80.1
2025-01-15,1,10:00,38,4,46,20,21.6,Maize,31.8,102,64.9
2025-07-05,4,09:00,3,5,30,43,16.5,Mustard,14.5,44,33.7
2025-10-11,4,14:00,25,4,53,60,23.1,Cotton,33.2,40,53.0
2025-12-18,5,11:00,79,4,104,25,8.6,Rice,31.1,131,94.0
2025-06-28,3,09:00,10,2,23,20,21.7,Rice,21.1,11,49.4
2025-11-16,1,12:00,36,1,61,18,7.9,Cotton,3.8,71,62.0
2025-12-26,1,14:00,46,3,51,0,12.8,Mustard,6.5,53,48.8
2025-11-10,3,11:00,7,2,28,1,9.3,Wheat,3.6,10,28.2
2025-06-19,2,11:00,14,4,20,32,15.1,Maize,4.7,29,31.0
2025-04-29,5,15:00,84,5,87,46,10.9,Mustard,34.2,103,76.1
2025-12-23,1,12:00,53,4,60,0,23.2,Cotton,8.2,100,82.5
2025-03-30,5,15:00,18,4,23,15,16.5,Rice,24.5,75,52.7
2025-05-31,2,12:00,15,1,36,68,22.3,Mustard,22.6,65,54.4
2025-01-28,1,16:00,38,4,62,74,11.7,Cotton,22.5,86,44.6
2025-10-17,2,13:00,65,3,92,48,7.4,Maize,8.0,101,61.2
2025-08-26,1,09:00,65,1,84,39,20.2,Rice,20.7,89,91.4
2025-01-31,3,15:00,17,2,24,43,18.9,Cotton,22.3,33,38.0
2025-03-23,2,12:00,65,5,65,27,16.3,Maize,20.4,126,79.3
2025-07-22,3,10:00,80,6,112,15,20.9,Cotton,7.3,113,89.4
2025-07-17,3,10:00,20,4,64,28,21.3,Wheat,25.6,56,51.4
2025-10-20,1,14:00,2,6,14,52,17.0,Wheat,3.5,2,3.0
2025-04-08,1,09:00,86,2,95,49,23.4,Rice,21.1,115,103.2
2025-12-04,1,11:00,46,2,60,50,19.2,Wheat,15.8,90,67.9
2025-06-12,1,10:00,69,6,78,45,18.5,Cotton,9.5,101,74.5
2025-10-28,1,12:00,28,2,38,4,13.1,Maize,28.5,67,54.0
2025-03-29,2,12:00,26,4,48,46,7.0,Mustard,7.0,78,41.7
2025-01-14,3,12:00,20,2,55,66,11.1,Mustard,32.7,21,42.1
2025-01-21,2,11:00,19,2,51,48,20.0,Cotton,31.1,77,55.8
2025-05-17,2,08:00,42,3,85,43,19.1,Mustard,13.3,95,66.5
2025-12-14,3,13:00,9,3,25,16,12.6,Mustard,11.4,36,34.5
2025-01-18,3,11:00,75,6,97,59,17.6,Mustard,5.7,124,85.1
2025-05-15,2,13:00,46,6,63,33,10.3,Rice,32.2,50,42.3
2025-02-09,2,09:00,82,4,83,19,11.5,Wheat,22.3,102,82.9
2025-12-07,3,08:00,45,4,62,36,23.1,Mustard,2.1,52,56.9
2025-09-04,1,11:00,27,1,38,9,14.0,Maize,18.4,68,57.0
2025-10-06,3,12:00,46,2,67,69,11.2,Wheat,3.9,101,60.6
2025-09-18,5,12:00,13,1,20,52,15.3,Rice,20.5,52,56.2
2025-08-28,2,15:00,74,6,107,24,13.6,Rice,18.3,120,74.7
2025-10-10,1,11:00,64,2,101,59,19.4,Maize,3.8,73,70.5
2025-01-03,4,13:00,13,3,56,4,23.4,Mustard,28.7,73,59.5
2025-11-12,1,13:00,52,6,55,28,17.1,Mustard,9.9,64,45.6
2025-09-28,1,08:00,48,5,53,48,17.0,Cotton,19.4,82,49.6
2025-09-27,1,12:00,18,4,61,1,13.2,Rice,22.7,62,48.0
2025-05-24,5,11:00,10,1,48,53,16.6,Cotton,33.7,65,64.4
2025-10-20,5,12:00,68,4,94,61,12.4,Wheat,17.8,128,86.2
2025-05-20,3,09:00,23,4,37,44,7.0,Wheat,32.2,61,41.1
2025-01-18,4,14:00,46,2,69,15,21.7,Maize,13.1,83,76.5
2025-11-28,4,16:00,22,5,46,56,14.3,Cotton,30.2,49,38.0
2025-03-27,4,08:00,58,6,96,25,15.4,Wheat,9.0,94,61.3
2025-02-07,3,13:00,4,2,27,55,8.4,Mustard,25.1,47,25.6
2025-08-15,5,14:00,32,2,33,47,21.2,Wheat,4.0,74,56.4
2025-03-27,4,11:00,49,2,80,7,9.9,Cotton,34.5,87,79.3
2025-11-10,1,14:00,39,6,73,7,14.0,Cotton,33.4,67,43.1
2025-06-11,2,13:00,55,1,68,1,21.3,Rice,16.0,67,78.4
2025-01-02,5,16:00,16,6,21,5,14.8,Rice,18.8,19,33.2
2025-12-14,3,17:00,39,5,45,22,22.8,Rice,21.3,66,57.3
2025-07-07,2,09:00,68,3,105,1,10.6,Rice,10.4,93,81.0
2025-04-06,5,12:00,30,4,50,70,19.2,Rice,23.9,69,62.2
2025-09-05,4,13:00,14,6,37,68,23.6,Rice,24.8,72,35.6
2025-07-13,3,10:00,76,5,119,12,16.3,Mustard,18.9,121,88.4
2025-01-11,3,11:00,70,2,72,23,18.8,Maize,6.0,122,96.7
2025-10-05,1,17:00,61,1,70,55,13.7,Cotton,32.3,98,72.7
2025-05-27,2,08:00,71,4,108,49,19.8,Rice,4.9,131,80.7
2025-09-13,3,12:00,70,1,94,43,22.5,Maize,22.4,131,100.7
2025-11-23,5,15:00,67,1,68,74,19.0,Rice,4.5,76,83.7
2025-08-11,2,11:00,45,6,76,47,22.9,Maize,6.0,86,60.7
2025-09-03,1,12:00,1,3,7,50,17.0,Rice,1.7,33,27.1
2025-04-03,3,17:00,53,4,88,37,16.8,Mustard,13.4,116,63.4
2025-03-28,5,12:00,24,2,59,39,12.2,Rice,22.7,62,57.4
2025-06-01,3,10:00,69,1,106,21,19.1,Cotton,18.7,70,96.1
2025-11-08,2,09:00,42,1,62,39,22.0,Rice,23.9,55,75.9
2025-07-11,4,16:00,81,3,93,68,18.0,Maize,24.0,89,78.3
2025-05-08,4,11:00,53,1,92,28,11.0,Wheat,5.8,66,72.0
2025-10-12,2,12:00,49,3,74,9,16.2,Mustard,2.9,55,69.2
2025-11-08,5,09:00,82,2,110,44,19.9,Wheat,22.3,132,107.7
2025-11-26,3,12:00,42,4,48,58,23.0,Maize,23.2,74,62.6
2025-04-20,1,16:00,33,4,61,71,9.7,Mustard,19.9,76,35.1
2025-09-17,3,12:00,33,2,59,40,9.2,Cotton,9.4,97,67.8
2025-08-04,5,17:00,78,3,91,59,14.0,Maize,28.6,120,81.1
2025-06-13,2,11:00,68,1,102,18,9.1,Mustard,3.6,99,83.1
2025-05-25,3,12:00,14,2,20,31,23.7,Wheat,22.5,31,52.7
2025-02-11,4,15:00,44,6,76,31,14.2,Rice,5.1,93,51.7
2025-04-11,4,12:00,33,6,76,24,16.1,Rice,23.3,65,55.2
2025-07-20,5,11:00,58,3,83,53,10.9,Maize,15.2,107,76.9
2025-11-20,1,15:00,4,6,8,66,14.6,Maize,25.4,5,3.0
2025-11-13,3,12:00,64,4,88,24,23.7,Mustard,2.8,74,80.1
2025-03-10,3,13:00,66,1,89,10,15.3,Maize,19.9,74,71.6
2025-09-05,1,17:00,20,6,44,61,7.2,Rice,5.9,64,24.0
2025-01-31,4,10:00,13,3,25,63,11.1,Cotton,24.2,46,40.3
2025-09-04,1,11:00,56,4,84,70,23.6,Rice,5.1,76,70.5
2025-05-05,3,08:00,23,4,34,19,23.8,Rice,3.5,43,39.3
2025-06-14,2,12:00,84,2,109,53,10.6,Rice,25.2,123,94.7
2025-09-19,1,10:00,69,5,95,53,17.5,Mustard,3.2,131,80.7
2025-06-05,5,14:00,85,4,114,59,8.3,Rice,8.6,149,98.4
2025-10-22,2,10:00,48,3,83,60,16.8,Rice,29.0,78,71.9
2025-07-14,2,14:00,84,2,123,71,9.1,Rice,28.5,127,88.0
2025-12-31,5,11:00,1,5,35,35,20.9,Wheat,30.0,6,32.1
2025-08-21,5,11:00,26,2,61,5,23.0,Maize,12.1,87,69.5
2025-04-19,1,11:00,0,1,39,14,9.9,Rice,19.0,1,36.9
2025-10-10,2,14:00,60,6,70,66,14.9,Wheat,27.3,82,46.3
2025-05-29,4,12:00,45,2,58,63,8.7,Mustard,5.7,92,58.0
2025-07-14,4,11:00,25,4,48,0,12.8,Maize,25.6,88,52.2
2025-02-19,5,15:00,27,5,47,27,8.1,Rice,4.3,38,35.6
2025-02-13,3,13:00,57,6,88,18,11.5,Maize,32.1,99,57.7
2025-07-29,1,10:00,16,4,16,24,23.8,Cotton,22.7,28,42.4
2025-03-10,5,16:00,46,5,52,47,7.8,Cotton,17.8,49,42.1
2025-12-31,1,11:00,55,6,88,38,21.6,Rice,17.5,82,63.3
2025-11-09,1,08:00,21,6,57,36,8.3,Wheat,7.2,58,20.3
2025-09-13,4,12:00,20,1,33,32,16.0,Rice,12.8,37,55.3
2025-09-26,4,10:00,31,5,44,48,14.7,Maize,25.7,94,48.1
2025-08-06,1,10:00,53,2,78,51,22.8,Cotton,19.4,93,76.9
2025-01-23,1,14:00,22,6,43,3,10.4,Cotton,19.0,50,24.1
2025-05-24,3,10:00,34,1,41,10,10.1,Maize,7.6,65,62.5
2025-06-30,2,15:00,48,2,70,25,19.7,Rice,24.5,78,70.5
2025-12-01,4,16:00,16,2,52,32,19.3,Rice,14.3,23,39.2
2025-03-22,3,13:00,51,4,83,74,18.9,Maize,7.2,90,58.1
2025-07-01,3,14:00,12,1,48,66,7.4,Mustard,33.1,63,40.6
2025-05-06,3,14:00,12,1,40,48,11.4,Rice,18.2,39,33.4
2025-02-19,2,17:00,21,4,60,2,21.3,Rice,19.0,48,47.7
2025-02-07,2,11:00,25,6,36,7,17.2,Maize,34.4,84,48.6
2025-05-14,4,10:00,2,4,4,34,17.2,Wheat,13.5,41,34.5
2025-01-31,3,12:00,86,3,91,44,12.0,Wheat,33.1,105,89.0
2025-01-25,3,13:00,27,4,71,49,11.4,Cotton,24.6,27,35.6
2025-05-09,3,10:00,72,4,100,10,23.1,Wheat,22.5,125,95.0
2025-03-15,2,13:00,81,3,92,66,19.4,Wheat,9.0,121,82.9
2025-07-22,5,08:00,72,4,110,36,9.2,Maize,2.8,112,71.3
2025-01-07,3,16:00,74,1,87,44,22.9,Mustard,15.9,92,82.9
2025-04-21,4,11:00,9,2,35,2,16.9,Cotton,1.3,21,48.7
2025-06-15,5,08:00,33,5,44,61,12.7,Mustard,3.4,65,43.6
2025-12-18,5,09:00,67,3,71,40,13.8,Wheat,21.2,116,80.5
2025-08-20,4,11:00,51,1,63,16,19.3,Wheat,25.6,70,78.8
2025-11-18,4,11:00,0,1,10,23,13.4,Cotton,6.7,34,38.7
2025-05-06,3,08:00,51,6,75,26,16.8,Wheat,25.9,115,56.2
2025-06-14,4,11:00,72,2,72,2,19.1,Mustard,33.3,86,91.5
2025-06-03,2,10:00,74,1,84,70,10.3,Rice,26.3,89,80.2
2025-11-20,4,11:00,34,5,59,60,23.1,Rice,27.7,49,55.7
2025-12-17,1,12:00,21,4,38,66,13.1,Maize,24.8,80,34.4
2025-12-18,5,11:00,27,3,55,26,14.1,Cotton,8.6,61,57.2
2025-10-02,2,11:00,26,6,55,41,18.9,Cotton,13.3,85,51.8
2025-07-03,4,09:00,31,2,74,34,17.3,Rice,33.3,92,75.3
2025-07-17,1,08:00,27,4,64,35,14.5,Rice,23.5,54,39.4
2025-12-24,1,10:00,41,5,51,44,18.0,Cotton,27.8,44,44.3
2025-04-14,5,14:00,3,4,34,33,22.3,Wheat,33.9,22,33.5
2025-05-07,5,17:00,24,2,52,57,20.6,Rice,8.9,59,53.1
2025-11-24,2,16:00,28,5,54,4,21.0,Cotton,11.9,52,45.8
2025-05-22,1,12:00,13,5,48,14,11.4,Cotton,22.9,13,33.8
2025-03-27,5,13:00,79,1,85,66,14.1,Wheat,1.8,143,86.1
2025-07-24,5,11:00,60,1,76,66,16.4,Cotton,20.4,79,73.7
2025-04-29,1,14:00,82,5,118,61,7.8,Mustard,28.5,122,65.6
2025-11-22,4,14:00,50,1,90,27,20.1,Rice,21.8,111,88.1
2025-11-28,2,15:00,9,6,10,34,12.5,Cotton,11.0,44,16.4
2025-04-22,4,15:00,81,1,102,1,11.8,Maize,25.6,126,91.1
2025-07-13,3,12:00,41,6,52,20,11.4,Mustard,6.0,43,42.0
2025-12-26,1,14:00,61,5,68,54,11.8,Rice,31.4,106,57.9
2025-09-28,2,15:00,34,3,36,25,12.7,Rice,4.4,89,48.8
2025-03-20,3,11:00,44,2,68,36,17.3,Mustard,30.4,103,77.2
2025-08-04,4,16:00,44,3,74,9,16.9,Wheat,17.9,49,55.7
2025-08-15,1,09:00,25,5,48,37,11.3,Mustard,15.6,39,31.3
2025-08-27,5,17:00,49,5,65,54,10.5,Wheat,18.0,52,41.4
2025-01-10,4,14:00,66,2,100,42,21.0,Wheat,7.8,125,85.5
2025-04-20,5,09:00,1,4,30,41,8.6,Mustard,16.6,18,27.3
2025-11-08,5,13:00,11,6,51,68,15.7,Cotton,29.9,45,30.6
2025-03-30,1,08:00,75,2,90,17,15.8,Maize,28.2,105,83.8
2025-04-20,1,14:00,51,5,61,22,16.8,Wheat,6.5,95,55.5
2025-04-28,4,15:00,87,2,107,46,22.1,Rice,23.9,145,102.3
2025-03-06,1,13:00,54,6,76,36,17.6,Mustard,30.1,75,49.7
2025-02-26,1,15:00,58,2,78,73,23.6,Mustard,28.9,109,72.2
2025-05-07,3,09:00,80,2,117,4,21.8,Maize,15.5,98,106.5
2025-11-16,5,11:00,59,3,61,9,10.7,Cotton,2.6,71,71.7
2025-01-01,4,12:00,29,3,52,25,11.1,Mustard,32.7,35,48.6
2025-04-14,3,09:00,47,2,66,34,12.9,Wheat,14.5,71,64.5
2025-01-23,1,12:00,21,4,30,66,13.7,Wheat,13.3,57,32.2
2025-07-24,2,11:00,30,1,58,37,16.4,Wheat,26.8,80,65.8
2025-04-02,4,12:00,61,6,97,32,11.0,Cotton,10.0,116,70.7
2025-10-17,1,12:00,13,1,37,12,10.8,Rice,29.4,47,46.8
2025-08-02,3,15:00,60,3,63,32,13.5,Rice,3.6,86,70.6
2025-10-14,1,11:00,52,6,55,39,18.4,Cotton,26.2,63,61.8
2025-08-20,2,15:00,27,1,45,43,18.7,Maize,33.8,86,59.5
2025-06-10,2,12:00,4,1,34,45,23.6,Mustard,34.9,29,46.2
2025-11-11,4,11:00,63,5,77,32,10.4,Maize,32.4,112,72.5
2025-06-23,5,12:00,74,1,87,11,13.7,Cotton,30.6,114,101.9
2025-12-13,1,12:00,65,6,103,11,23.4,Cotton,10.5,125,86.8
2025-12-30,4,11:00,37,3,37,11,18.7,Maize,33.9,100,68.4
2025-08-03,4,12:00,58,6,61,46,17.1,Wheat,32.5,103,74.0
2025-09-04,5,10:00,37,2,44,64,16.2,Cotton,19.2,80,66.3
2025-04-04,5,11:00,32,1,76,66,8.3,Maize,14.7,40,51.2
2025-10-25,1,13:00,29,6,51,23,22.2,Maize,4.7,30,29.9
2025-09-03,4,12:00,18,5,25,5,17.6,Mustard,21.1,53,46.0
2025-11-26,3,15:00,87,6,100,47,16.7,Cotton,24.8,132,76.6
2025-04-08,1,11:00,59,2,102,2,16.2,Maize,14.7,107,80.7
2025-10-15,2,16:00,15,3,46,47,13.7,Maize,14.8,31,24.6
2025-06-21,5,14:00,77,4,87,28,11.3,Maize,20.5,109,80.3
2025-03-09,3,16:00,13,3,23,62,19.8,Maize,1.9,69,42.6
2025-03-04,2,15:00,53,2,56,46,15.7,Rice,33.6,59,63.3
2025-07-25,2,10:00,14,3,48,55,7.6,Cotton,10.9,38,35.9
2025-04-27,5,12:00,32,4,38,30,13.8,Mustard,5.8,93,62.6
2025-02-07,2,10:00,59,1,71,63,22.8,Maize,1.2,71,78.5
2025-06-05,1,15:00,89,3,104,39,13.4,Maize,30.1,109,86.8
2025-08-27,3,13:00,89,2,116,46,14.0,Maize,30.3,119,88.2
2025-04-27,5,11:00,80,1,107,27,17.6,Mustard,4.2,124,105.4
2025-12-15,1,16:00,21,1,56,33,20.6,Mustard,6.2,37,45.6
2025-10-12,2,09:00,8,3,21,63,18.4,Wheat,16.2,59,39.2
2025-07-07,3,13:00,81,1,98,29,21.5,Cotton,7.3,96,93.5
2025-12-08,1,14:00,83,3,100,1,8.9,Mustard,26.0,106,78.4
2025-06-08,4,09:00,25,4,27,28,22.7,Mustard,3.0,62,54.7
2025-02-20,2,13:00,1,6,34,29,22.4,Cotton,19.7,1,21.6
2025-01-14,1,15:00,58,1,82,31,15.8,Maize,14.0,107,68.4
2025-12-09,2,09:00,6,3,27,5,17.6,Wheat,16.8,49,42.3
2025-12-17,5,12:00,3,1,47,9,10.6,Mustard,15.4,57,50.1
2025-09-27,5,11:00,84,3,92,24,14.6,Cotton,6.2,101,92.8
2025-02-07,3,13:00,44,3,87,31,10.4,Maize,8.5,69,47.9
2025-04-18,3,09:00,10,5,40,2,7.4,Cotton,3.2,68,33.1
2025-01-15,5,16:00,58,3,67,29,23.7,Cotton,4.9,62,73.7
2025-01-19,1,15:00,33,6,63,24,11.4,Maize,34.2,64,35.8
2025-03-31,4,10:00,48,1,82,2,17.1,Maize,10.5,79,79.1
2025-07-28,4,11:00,80,1,96,18,12.1,Cotton,11.4,109,93.8
2025-01-24,4,13:00,21,1,36,20,13.3,Rice,5.3,49,54.3
2025-12-26,2,14:00,58,3,95,10,13.8,Mustard,26.7,106,72.0
2025-06-16,4,12:00,74,2,81,56,12.7,Cotton,32.4,86,86.7
2025-04-07,4,10:00,38,1,38,5,17.8,Wheat,27.9,95,74.6
2025-07-08,5,09:00,87,2,116,43,23.3,Cotton,21.8,145,114.0
2025-10-16,1,17:00,40,6,80,49,14.3,Mustard,28.6,51,42.3
2025-04-25,4,12:00,41,5,63,60,23.5,Maize,14.7,104,59.4
2025-01-18,5,15:00,79,1,85,40,18.4,Rice,30.2,96,98.1
2025-01-19,2,12:00,57,6,81,40,17.3,Maize,28.1,60,57.7
2025-11-07,4,16:00,78,2,89,57,11.0,Mustard,1.1,103,74.8
2025-02-10,1,09:00,71,3,108,64,8.1,Mustard,17.6,122,73.8
2025-08-20,4,09:00,64,2,91,15,21.5,Cotton,10.0,118,93.8
2025-05-21,4,16:00,21,3,36,59,16.8,Mustard,3.9,62,39.0
2025-10-11,1,16:00,35,5,63,34,14.0,Maize,29.8,87,38.0
2025-01-23,1,11:00,77,5,107,7,20.8,Wheat,1.3,93,80.1
2025-11-24,4,11:00,55,4,85,45,12.3,Cotton,25.8,112,74.6
2025-09-12,2,12:00,25,4,41,73,20.3,Maize,34.6,66,42.5
2025-06-13,3,12:00,29,5,54,10,12.6,Rice,17.4,37,50.4
2025-03-17,1,10:00,69,2,70,1,22.7,Rice,13.6,77,87.0
2025-12-23,5,15:00,16,3,34,68,11.6,Mustard,21.6,33,28.8
2025-04-21,3,11:00,10,1,27,44,9.3,Cotton,28.4,14,34.9
2025-06-29,5,14:00,68,5,92,16,18.9,Maize,9.2,86,74.5
2025-05-24,1,09:00,25,3,67,59,9.8,Cotton,9.5,89,53.9
2025-03-26,2,08:00,68,4,110,29,23.1,Cotton,21.6,83,84.3
2025-06-02,4,13:00,48,4,69,24,18.1,Mustard,33.0,89,67.2
2025-02-25,4,11:00,89,2,118,21,10.9,Cotton,11.1,152,110.7
2025-01-01,4,13:00,47,1,51,44,10.5,Rice,13.8,63,64.4
2025-04-16,5,09:00,78,6,99,10,22.7,Mustard,34.8,123,97.8
2025-02-10,5,16:00,76,2,106,27,17.3,Wheat,7.0,105,91.5
2025-06-01,1,14:00,19,1,49,22,22.2,Wheat,3.6,37,48.3
2025-11-11,2,15:00,89,2,132,4,8.9,Maize,21.1,150,95.5
2025-03-01,5,10:00,67,6,87,57,22.7,Maize,1.8,109,81.3
2025-01-01,3,11:00,9,2,49,0,15.8,Mustard,7.1,37,40.2
2025-02-10,5,11:00,0,6,44,71,18.4,Wheat,22.2,52,29.3
2025-07-05,3,13:00,24,3,49,7,13.3,Wheat,23.4,82,45.6
2025-04-11,1,11:00,1,6,5,26,8.0,Wheat,18.4,51,9.7
2025-06-28,3,09:00,32,4,48,7,23.3,Cotton,14.0,88,70.9
2025-01-11,5,11:00,89,1,123,27,23.9,Rice,20.6,109,117.2
2025-05-02,4,11:00,43,4,69,45,13.2,Rice,22.9,65,60.8
2025-05-30,1,12:00,2,3,44,6,23.0,Maize,28.3,17,38.4
2025-06-07,2,10:00,44,2,80,39,9.9,Maize,28.0,89,67.4
2025-07-21,5,11:00,19,4,21,57,9.6,Cotton,23.6,71,40.2
2025-10-12,5,13:00,77,1,115,34,8.2,Rice,31.4,119,97.7
2025-06-20,4,12:00,8,5,24,8,13.7,Mustard,29.5,46,36.7
2025-11-04,1,11:00,69,5,105,51,7.9,Rice,5.5,119,71.3
